size,scenario,bid_cents,gross_cents,cash_profit_cents,economic_profit_at_0_cents,economic_profit_at_15_cents,economic_profit_at_25_cents,economic_profit_at_40_cents,cash_roi,labor_hours,cash_profit_per_hour_cents,cash_required_cents,acquisition_cents,transport_cents,disposal_cents,selling_and_tax_cents,vehicle,trips,pathways
5x5,LOW disposal / borrowed SUV,0,25000,18504,18504,9414,3354,-5736,7.568098159509202,6.06,3053.4653465346537,12220,0,2220,0,3551,friend_suv,2,C_donate_recycle A_negligible
5x5,LOW disposal / borrowed SUV,0,50000,39813,39813,28353,20713,9253,15.342196531791908,7.64,5211.125654450262,12220,0,2220,0,7092,friend_suv,2,C_donate_recycle A_negligible
5x5,LOW disposal / borrowed SUV,0,75000,61037,61037,46577,36937,22477,21.644326241134753,9.64,6331.639004149377,12220,0,2220,0,10643,friend_suv,2,C_donate_recycle A_negligible
5x5,LOW disposal / borrowed SUV,0,100000,82346,82346,65501,54271,37426,27.725925925925925,11.23,7332.680320569902,12220,0,2220,0,14184,friend_suv,2,C_donate_recycle A_negligible
5x5,LOW disposal / borrowed SUV,0,150000,124879,124879,102664,87854,65639,37.33303437967115,14.81,8432.072923700201,12220,0,2220,0,21276,friend_suv,2,C_donate_recycle A_negligible
5x5,LOW disposal / borrowed SUV,0,200000,167412,167412,139827,121437,93852,45.00322580645161,18.39,9103.42577487765,12220,0,2220,0,28368,friend_suv,2,C_donate_recycle A_negligible
5x5,LOW disposal / borrowed SUV,0,300000,252478,252478,213763,187953,149238,56.482774049217,25.81,9782.177450600542,12220,0,2220,0,42552,friend_suv,2,C_donate_recycle A_negligible
5x5,LOW disposal / borrowed SUV,5000,25000,12504,12504,3414,-2646,-11736,1.480639431616341,6.06,2063.3663366336636,18220,6000,2220,0,3551,friend_suv,2,C_donate_recycle A_negligible
5x5,LOW disposal / borrowed SUV,5000,50000,33813,33813,22353,14713,3253,3.9340314136125656,7.64,4425.785340314136,18220,6000,2220,0,7092,friend_suv,2,C_donate_recycle A_negligible
5x5,LOW disposal / borrowed SUV,5000,75000,55037,55037,40577,30937,16477,6.240022675736961,9.64,5709.232365145228,18220,6000,2220,0,10643,friend_suv,2,C_donate_recycle A_negligible
5x5,LOW disposal / borrowed SUV,5000,100000,76346,76346,59501,48271,31426,8.511259754738015,11.23,6798.397150489759,18220,6000,2220,0,14184,friend_suv,2,C_donate_recycle A_negligible
5x5,LOW disposal / borrowed SUV,5000,150000,118879,118879,96664,81854,59639,12.721134296415196,14.81,8026.94125590817,18220,6000,2220,0,21276,friend_suv,2,C_donate_recycle A_negligible
5x5,LOW disposal / borrowed SUV,5000,200000,161412,161412,133827,115437,87852,16.606172839506172,18.39,8777.16150081566,18220,6000,2220,0,28368,friend_suv,2,C_donate_recycle A_negligible
5x5,LOW disposal / borrowed SUV,5000,300000,246478,246478,207763,181953,143238,23.541356255969436,25.81,9549.709414955443,18220,6000,2220,0,42552,friend_suv,2,C_donate_recycle A_negligible
5x5,LOW disposal / borrowed SUV,10000,25000,6704,6704,-2386,-8446,-17536,0.4706212706212706,6.06,1106.2706270627064,24020,11800,2220,0,3551,friend_suv,2,C_donate_recycle A_negligible
5x5,LOW disposal / borrowed SUV,10000,50000,28013,28013,16553,8913,-2547,1.9460229246266065,7.64,3666.623036649215,24020,11800,2220,0,7092,friend_suv,2,C_donate_recycle A_negligible
5x5,LOW disposal / borrowed SUV,10000,75000,49237,49237,34777,25137,10677,3.367783857729138,9.64,5107.572614107884,24020,11800,2220,0,10643,friend_suv,2,C_donate_recycle A_negligible
5x5,LOW disposal / borrowed SUV,10000,100000,70546,70546,53701,42471,25626,4.776303317535545,11.23,6281.923419412288,24020,11800,2220,0,14184,friend_suv,2,C_donate_recycle A_negligible
5x5,LOW disposal / borrowed SUV,10000,150000,113079,113079,90864,76054,53839,7.466424562561902,14.81,7635.313977042539,24020,11800,2220,0,21276,friend_suv,2,C_donate_recycle A_negligible
5x5,LOW disposal / borrowed SUV,10000,200000,155612,155612,128027,109637,82052,10.026546391752577,18.39,8461.772702555736,24020,11800,2220,0,28368,friend_suv,2,C_donate_recycle A_negligible
5x5,LOW disposal / borrowed SUV,10000,300000,240678,240678,201963,176153,137438,14.792747387830362,25.81,9324.990313831848,24020,11800,2220,0,42552,friend_suv,2,C_donate_recycle A_negligible
5x5,LOW disposal / borrowed SUV,15000,25000,804,804,-8286,-14346,-23436,0.03991064780342517,6.06,132.67326732673268,29920,17700,2220,0,3551,friend_suv,2,C_donate_recycle A_negligible
5x5,LOW disposal / borrowed SUV,15000,50000,22113,22113,10653,3013,-8447,1.089578713968958,7.64,2894.3717277486912,29920,17700,2220,0,7092,friend_suv,2,C_donate_recycle A_negligible
5x5,LOW disposal / borrowed SUV,15000,75000,43337,43337,28877,19237,4777,2.1119395711500974,9.64,4495.539419087137,29920,17700,2220,0,10643,friend_suv,2,C_donate_recycle A_negligible
5x5,LOW disposal / borrowed SUV,15000,100000,64646,64646,47801,36571,19726,3.127527818093856,11.23,5756.544968833481,29920,17700,2220,0,14184,friend_suv,2,C_donate_recycle A_negligible
5x5,LOW disposal / borrowed SUV,15000,150000,107179,107179,84964,70154,47939,5.092848657638394,14.81,7236.934503713706,29920,17700,2220,0,21276,friend_suv,2,C_donate_recycle A_negligible
5x5,LOW disposal / borrowed SUV,15000,200000,149712,149712,122127,103737,76152,6.989355742296919,18.39,8140.9461663947795,29920,17700,2220,0,28368,friend_suv,2,C_donate_recycle A_negligible
5x5,LOW disposal / borrowed SUV,15000,300000,234778,234778,196063,170253,131538,10.589896256202074,25.81,9096.396745447502,29920,17700,2220,0,42552,friend_suv,2,C_donate_recycle A_negligible
5x5,LOW disposal / borrowed SUV,20000,25000,-5096,-5096,-14186,-20246,-29336,-0.19566135534651566,6.06,-840.924092409241,35820,23600,2220,0,3551,friend_suv,2,C_donate_recycle A_negligible
5x5,LOW disposal / borrowed SUV,20000,50000,16213,16213,4753,-2887,-14347,0.6189349112426036,7.64,2122.1204188481674,35820,23600,2220,0,7092,friend_suv,2,C_donate_recycle A_negligible
5x5,LOW disposal / borrowed SUV,20000,75000,37437,37437,22977,13337,-1123,1.4169947009841029,9.64,3883.5062240663897,35820,23600,2220,0,10643,friend_suv,2,C_donate_recycle A_negligible
5x5,LOW disposal / borrowed SUV,20000,100000,58746,58746,41901,30671,13826,2.210989838163342,11.23,5231.166518254675,35820,23600,2220,0,14184,friend_suv,2,C_donate_recycle A_negligible
5x5,LOW disposal / borrowed SUV,20000,150000,101279,101279,79064,64254,42039,3.758730747819633,14.81,6838.555030384875,35820,23600,2220,0,21276,friend_suv,2,C_donate_recycle A_negligible
5x5,LOW disposal / borrowed SUV,20000,200000,143812,143812,116227,97837,70252,5.26398243045388,18.39,7820.119630233822,35820,23600,2220,0,28368,friend_suv,2,C_donate_recycle A_negligible
5x5,LOW disposal / borrowed SUV,20000,300000,228878,228878,190163,164353,125638,8.153829711435696,25.81,8867.803177063155,35820,23600,2220,0,42552,friend_suv,2,C_donate_recycle A_negligible
5x5,LOW disposal / borrowed SUV,30000,25000,-16896,-16896,-25986,-32046,-41136,-0.44645263575108995,6.06,-2788.1188118811883,47620,35400,2220,0,3551,friend_suv,2,C_donate_recycle A_negligible
5x5,LOW disposal / borrowed SUV,30000,50000,4413,4413,-7047,-14687,-26147,0.11614686142913541,7.64,577.6178010471205,47620,35400,2220,0,7092,friend_suv,2,C_donate_recycle A_negligible
5x5,LOW disposal / borrowed SUV,30000,75000,25637,25637,11177,1537,-12923,0.6707744636316065,9.64,2659.4398340248963,47620,35400,2220,0,10643,friend_suv,2,C_donate_recycle A_negligible
5x5,LOW disposal / borrowed SUV,30000,100000,46946,46946,30101,18871,2026,1.223507948918426,11.23,4180.4096170970615,47620,35400,2220,0,14184,friend_suv,2,C_donate_recycle A_negligible
5x5,LOW disposal / borrowed SUV,30000,150000,89479,89479,67264,52454,30239,2.309433475287134,14.81,6041.796083727211,47620,35400,2220,0,21276,friend_suv,2,C_donate_recycle A_negligible
5x5,LOW disposal / borrowed SUV,30000,200000,132012,132012,104427,86037,58452,3.3745398773006134,18.39,7178.466557911908,47620,35400,2220,0,28368,friend_suv,2,C_donate_recycle A_negligible
5x5,LOW disposal / borrowed SUV,30000,300000,217078,217078,178363,152553,113838,5.444645096563833,25.81,8410.61604029446,47620,35400,2220,0,42552,friend_suv,2,C_donate_recycle A_negligible
5x5,LOW disposal / borrowed SUV,50000,25000,-40496,-40496,-49586,-55646,-64736,-0.6590609488160143,6.06,-6682.5082508250825,71220,59000,2220,0,3551,friend_suv,2,C_donate_recycle A_negligible
5x5,LOW disposal / borrowed SUV,50000,50000,-19187,-19187,-30647,-38287,-49747,-0.3115025570257326,7.64,-2511.387434554974,71220,59000,2220,0,7092,friend_suv,2,C_donate_recycle A_negligible
5x5,LOW disposal / borrowed SUV,50000,75000,2037,2037,-12423,-22063,-36523,0.03295050145583953,9.64,211.3070539419087,71220,59000,2220,0,10643,friend_suv,2,C_donate_recycle A_negligible
5x5,LOW disposal / borrowed SUV,50000,100000,23346,23346,6501,-4729,-21574,0.37673067613361305,11.23,2078.8958147818344,71220,59000,2220,0,14184,friend_suv,2,C_donate_recycle A_negligible
5x5,LOW disposal / borrowed SUV,50000,150000,65879,65879,43664,28854,6639,1.056684577752827,14.81,4448.278190411884,71220,59000,2220,0,21276,friend_suv,2,C_donate_recycle A_negligible
5x5,LOW disposal / borrowed SUV,50000,200000,108412,108412,80827,62437,34852,1.7285076530612244,18.39,5895.16041326808,71220,59000,2220,0,28368,friend_suv,2,C_donate_recycle A_negligible
5x5,LOW disposal / borrowed SUV,50000,300000,193478,193478,154763,128953,90238,3.0483377973845913,25.81,7496.241766757072,71220,59000,2220,0,42552,friend_suv,2,C_donate_recycle A_negligible
5x5,LOW disposal / rental van,0,25000,13677,13677,6087,1027,-6563,1.8807755775577557,5.06,2702.9644268774705,17047,0,7047,0,3551,uhaul_cargo_van,1,C_donate_recycle A_negligible
5x5,LOW disposal / rental van,0,50000,34986,34986,25026,18386,8426,4.713823767178658,6.64,5268.975903614458,17047,0,7047,0,7092,uhaul_cargo_van,1,C_donate_recycle A_negligible
5x5,LOW disposal / rental van,0,75000,56210,56210,43250,34610,21650,7.350595004576959,8.64,6505.7870370370365,17047,0,7047,0,10643,uhaul_cargo_van,1,C_donate_recycle A_negligible
5x5,LOW disposal / rental van,0,100000,77519,77519,62174,51944,36599,9.94215723996409,10.23,7577.614858260019,17047,0,7047,0,14184,uhaul_cargo_van,1,C_donate_recycle A_negligible
5x5,LOW disposal / rental van,0,150000,120052,120052,99337,85527,64812,14.690651003426334,13.81,8693.12092686459,17047,0,7047,0,21276,uhaul_cargo_van,1,C_donate_recycle A_negligible
5x5,LOW disposal / rental van,0,200000,162585,162585,136500,119110,93025,19.02246402246402,17.39,9349.33870040253,17047,0,7047,0,28368,uhaul_cargo_van,1,C_donate_recycle A_negligible
5x5,LOW disposal / rental van,0,300000,247651,247651,210436,185626,148411,26.637732601914596,24.81,9981.902458686014,17047,0,7047,0,42552,uhaul_cargo_van,1,C_donate_recycle A_negligible
5x5,LOW disposal / rental van,5000,25000,7677,7677,87,-4973,-12563,0.5784358047016275,5.06,1517.1936758893282,23047,6000,7047,0,3551,uhaul_cargo_van,1,C_donate_recycle A_negligible
5x5,LOW disposal / rental van,5000,50000,28986,28986,19026,12386,2426,2.1595887349128295,6.64,4365.361445783133,23047,6000,7047,0,7092,uhaul_cargo_van,1,C_donate_recycle A_negligible
5x5,LOW disposal / rental van,5000,75000,50210,50210,37250,28610,15650,3.6791968930900563,8.64,5811.342592592592,23047,6000,7047,0,10643,uhaul_cargo_van,1,C_donate_recycle A_negligible
5x5,LOW disposal / rental van,5000,100000,71519,71519,56174,45944,30599,5.183663115169964,10.23,6991.104594330401,23047,6000,7047,0,14184,uhaul_cargo_van,1,C_donate_recycle A_negligible
5x5,LOW disposal / rental van,5000,150000,114052,114052,93337,79527,58812,8.047699689528647,13.81,8258.653149891383,23047,6000,7047,0,21276,uhaul_cargo_van,1,C_donate_recycle A_negligible
5x5,LOW disposal / rental van,5000,200000,156585,156585,130500,113110,87025,10.764075067024129,17.39,9004.31282346176,23047,6000,7047,0,28368,uhaul_cargo_van,1,C_donate_recycle A_negligible
5x5,LOW disposal / rental van,5000,300000,241651,241651,204436,179626,142411,15.797280512518794,24.81,9740.06449012495,23047,6000,7047,0,42552,uhaul_cargo_van,1,C_donate_recycle A_negligible
5x5,LOW disposal / rental van,10000,25000,1877,1877,-5713,-10773,-18363,0.09841652684563758,5.06,370.94861660079056,28847,11800,7047,0,3551,uhaul_cargo_van,1,C_donate_recycle A_negligible
5x5,LOW disposal / rental van,10000,50000,23186,23186,13226,6586,-3374,1.2062220372489856,6.64,3491.8674698795185,28847,11800,7047,0,7092,uhaul_cargo_van,1,C_donate_recycle A_negligible
5x5,LOW disposal / rental van,10000,75000,44410,44410,31450,22810,9850,2.283642721242351,8.64,5140.046296296296,28847,11800,7047,0,10643,uhaul_cargo_van,1,C_donate_recycle A_negligible
5x5,LOW disposal / rental van,10000,100000,65719,65719,50374,40144,24799,3.3535234984946674,10.23,6424.144672531769,28847,11800,7047,0,14184,uhaul_cargo_van,1,C_donate_recycle A_negligible
5x5,LOW disposal / rental van,10000,150000,108252,108252,87537,73727,53012,5.420188263568996,13.81,7838.667632150616,28847,11800,7047,0,21276,uhaul_cargo_van,1,C_donate_recycle A_negligible
5x5,LOW disposal / rental van,10000,200000,150785,150785,124700,107310,81225,7.410674792352681,17.39,8670.787809085681,28847,11800,7047,0,28368,uhaul_cargo_van,1,C_donate_recycle A_negligible
5x5,LOW disposal / rental van,10000,300000,235851,235851,198636,173826,136611,11.179361994596388,24.81,9506.287787182588,28847,11800,7047,0,42552,uhaul_cargo_van,1,C_donate_recycle A_negligible
5x5,LOW disposal / rental van,15000,25000,-4023,-4023,-11613,-16673,-24263,-0.16110043248438252,5.06,-795.0592885375495,34747,17700,7047,0,3551,uhaul_cargo_van,1,C_donate_recycle A_negligible
5x5,LOW disposal / rental van,15000,50000,17286,17286,7326,686,-9274,0.6880821590637688,6.64,2603.3132530120483,34747,17700,7047,0,7092,uhaul_cargo_van,1,C_donate_recycle A_negligible
5x5,LOW disposal / rental van,15000,75000,38510,38510,25550,16910,3950,1.5193119501321655,8.64,4457.175925925925,34747,17700,7047,0,10643,uhaul_cargo_van,1,C_donate_recycle A_negligible
5x5,LOW disposal / rental van,15000,100000,59819,59819,44474,34244,18899,2.3461191512726987,10.23,5847.409579667644,34747,17700,7047,0,14184,uhaul_cargo_van,1,C_donate_recycle A_negligible
5x5,LOW disposal / rental van,15000,150000,102352,102352,81637,67827,47112,3.956091527520099,13.81,7411.440984793628,34747,17700,7047,0,21276,uhaul_cargo_van,1,C_donate_recycle A_negligible
5x5,LOW disposal / rental van,15000,200000,144885,144885,118800,101410,75325,5.5200594353640415,17.39,8331.512363427257,34747,17700,7047,0,28368,uhaul_cargo_van,1,C_donate_recycle A_negligible
5x5,LOW disposal / rental van,15000,300000,229951,229951,192736,167926,130711,8.5176501092714,24.81,9268.480451430874,34747,17700,7047,0,42552,uhaul_cargo_van,1,C_donate_recycle A_negligible
5x5,LOW disposal / rental van,20000,25000,-9923,-9923,-17513,-22573,-30163,-0.32142394402695,5.06,-1961.0671936758895,40647,23600,7047,0,3551,uhaul_cargo_van,1,C_donate_recycle A_negligible
5x5,LOW disposal / rental van,20000,50000,11386,11386,1426,-5214,-15174,0.36702984978402425,6.64,1714.7590361445784,40647,23600,7047,0,7092,uhaul_cargo_van,1,C_donate_recycle A_negligible
5x5,LOW disposal / rental van,20000,75000,32610,32610,19650,11010,-1950,1.0436201875380036,8.64,3774.305555555555,40647,23600,7047,0,10643,uhaul_cargo_van,1,C_donate_recycle A_negligible
5x5,LOW disposal / rental van,20000,100000,53919,53919,38574,28344,12999,1.7173296811797305,10.23,5270.674486803518,40647,23600,7047,0,14184,uhaul_cargo_van,1,C_donate_recycle A_negligible
5x5,LOW disposal / rental van,20000,150000,96452,96452,75737,61927,41212,3.035754752612363,13.81,6984.21433743664,40647,23600,7047,0,21276,uhaul_cargo_van,1,C_donate_recycle A_negligible
5x5,LOW disposal / rental van,20000,200000,138985,138985,112900,95510,69425,4.323420536908576,17.39,7992.236917768832,40647,23600,7047,0,28368,uhaul_cargo_van,1,C_donate_recycle A_negligible
5x5,LOW disposal / rental van,20000,300000,224051,224051,186836,162026,124811,6.810681825090434,24.81,9030.673115679163,40647,23600,7047,0,42552,uhaul_cargo_van,1,C_donate_recycle A_negligible
5x5,LOW disposal / rental van,30000,25000,-21723,-21723,-29313,-34373,-41963,-0.5090691788526435,5.06,-4293.08300395257,52447,35400,7047,0,3551,uhaul_cargo_van,1,C_donate_recycle A_negligible
5x5,LOW disposal / rental van,30000,50000,-414,-414,-10374,-17014,-26974,-0.009667927700714587,6.64,-62.34939759036145,52447,35400,7047,0,7092,uhaul_cargo_van,1,C_donate_recycle A_negligible
5x5,LOW disposal / rental van,30000,75000,20810,20810,7850,-790,-13750,0.48342509350245083,8.64,2408.564814814815,52447,35400,7047,0,10643,uhaul_cargo_van,1,C_donate_recycle A_negligible
5x5,LOW disposal / rental van,30000,100000,42119,42119,26774,16544,1199,0.9750445632798574,10.23,4117.204301075269,52447,35400,7047,0,14184,uhaul_cargo_van,1,C_donate_recycle A_negligible
5x5,LOW disposal / rental van,30000,150000,84652,84652,63937,50127,29412,1.9428073074451482,13.81,6129.761042722665,52447,35400,7047,0,21276,uhaul_cargo_van,1,C_donate_recycle A_negligible
5x5,LOW disposal / rental van,30000,200000,127185,127185,101100,83710,57625,2.89405420165199,17.39,7313.686026451984,52447,35400,7047,0,28368,uhaul_cargo_van,1,C_donate_recycle A_negligible
5x5,LOW disposal / rental van,30000,300000,212251,212251,175036,150226,113011,4.748663221245273,24.81,8555.058444175736,52447,35400,7047,0,42552,uhaul_cargo_van,1,C_donate_recycle A_negligible
5x5,LOW disposal / rental van,50000,25000,-45323,-45323,-52913,-57973,-65563,-0.6838936504104297,5.06,-8957.11462450593,76047,59000,7047,0,3551,uhaul_cargo_van,1,C_donate_recycle A_negligible
5x5,LOW disposal / rental van,50000,50000,-24014,-24014,-33974,-40614,-50574,-0.36153684020354704,6.64,-3616.566265060241,76047,59000,7047,0,7092,uhaul_cargo_van,1,C_donate_recycle A_negligible
5x5,LOW disposal / rental van,50000,75000,-2790,-2790,-15750,-24390,-37350,-0.04186234939307096,8.64,-322.91666666666663,76047,59000,7047,0,10643,uhaul_cargo_van,1,C_donate_recycle A_negligible
5x5,LOW disposal / rental van,50000,100000,18519,18519,3174,-7056,-22401,0.2772429899546387,10.23,1810.2639296187683,76047,59000,7047,0,14184,uhaul_cargo_van,1,C_donate_recycle A_negligible
5x5,LOW disposal / rental van,50000,150000,61052,61052,40337,26527,5812,0.9088906091823974,13.81,4420.8544532947135,76047,59000,7047,0,21276,uhaul_cargo_van,1,C_donate_recycle A_negligible
5x5,LOW disposal / rental van,50000,200000,103585,103585,77500,60110,34025,1.533524804950627,17.39,5956.584243818286,76047,59000,7047,0,28368,uhaul_cargo_van,1,C_donate_recycle A_negligible
5x5,LOW disposal / rental van,50000,300000,188651,188651,151436,126626,89411,2.762215031406943,24.81,7603.829101168884,76047,59000,7047,0,42552,uhaul_cargo_van,1,C_donate_recycle A_negligible
5x5,MEDIUM disposal / borrowed vehicle,0,25000,12048,12048,1578,-5402,-15872,1.3535557802494103,6.98,1726.0744985673352,18676,0,2520,6156,3551,friend_suv,2,C_donate_recycle D_small_paid F_special_items
5x5,MEDIUM disposal / borrowed vehicle,0,50000,33357,33357,20517,11957,-883,3.6854491216440173,8.56,3896.845794392523,18676,0,2520,6156,7092,friend_suv,2,C_donate_recycle D_small_paid F_special_items
5x5,MEDIUM disposal / borrowed vehicle,0,75000,54581,54581,38741,28181,12341,5.884109529969814,10.56,5168.655303030303,18676,0,2520,6156,10643,friend_suv,2,C_donate_recycle D_small_paid F_special_items
5x5,MEDIUM disposal / borrowed vehicle,0,100000,75890,75890,57665,45515,27290,8.051135158073414,12.15,6246.090534979424,18676,0,2520,6156,14184,friend_suv,2,C_donate_recycle D_small_paid F_special_items
5x5,MEDIUM disposal / borrowed vehicle,0,150000,118423,118423,94828,79098,55503,12.082746658504234,15.73,7528.480610298792,18676,0,2520,6156,21276,friend_suv,2,C_donate_recycle D_small_paid F_special_items
5x5,MEDIUM disposal / borrowed vehicle,0,200000,160956,160956,131991,112681,83716,15.817216981132075,19.31,8335.370274469187,18676,0,2520,6156,28368,friend_suv,2,C_donate_recycle D_small_paid F_special_items
5x5,MEDIUM disposal / borrowed vehicle,0,300000,246022,246022,205927,179197,139102,22.517115138202453,26.73,9203.96558174336,18676,0,2520,6156,42552,friend_suv,2,C_donate_recycle D_small_paid F_special_items
5x5,MEDIUM disposal / borrowed vehicle,5000,25000,6048,6048,-4422,-11402,-21872,0.4058788000805315,6.98,866.4756446991404,24676,6000,2520,6156,3551,friend_suv,2,C_donate_recycle D_small_paid F_special_items
5x5,MEDIUM disposal / borrowed vehicle,5000,50000,27357,27357,14517,5957,-6883,1.8176200916882599,8.56,3195.9112149532707,24676,6000,2520,6156,7092,friend_suv,2,C_donate_recycle D_small_paid F_special_items
5x5,MEDIUM disposal / borrowed vehicle,5000,75000,48581,48581,32741,22181,6341,3.180217334380728,10.56,4600.473484848485,24676,6000,2520,6156,10643,friend_suv,2,C_donate_recycle D_small_paid F_special_items
5x5,MEDIUM disposal / borrowed vehicle,5000,100000,69890,69890,51665,39515,21290,4.530662517827046,12.15,5752.263374485597,24676,6000,2520,6156,14184,friend_suv,2,C_donate_recycle D_small_paid F_special_items
5x5,MEDIUM disposal / borrowed vehicle,5000,150000,112423,112423,88828,73098,49503,7.114929434845896,15.73,7147.0438652256835,24676,6000,2520,6156,21276,friend_suv,2,C_donate_recycle D_small_paid F_special_items
5x5,MEDIUM disposal / borrowed vehicle,5000,200000,154956,154956,125991,106681,77716,9.579376854599406,19.31,8024.650440186432,24676,6000,2520,6156,28368,friend_suv,2,C_donate_recycle D_small_paid F_special_items
5x5,MEDIUM disposal / borrowed vehicle,5000,300000,240022,240022,199927,173197,133102,14.18066879357202,26.73,8979.498690609802,24676,6000,2520,6156,42552,friend_suv,2,C_donate_recycle D_small_paid F_special_items
5x5,MEDIUM disposal / borrowed vehicle,10000,25000,248,248,-10222,-17202,-27672,0.011980097579827062,6.98,35.53008595988538,30476,11800,2520,6156,3551,friend_suv,2,C_donate_recycle D_small_paid F_special_items
5x5,MEDIUM disposal / borrowed vehicle,10000,50000,21557,21557,8717,157,-12683,1.0338592873243488,8.56,2518.341121495327,30476,11800,2520,6156,7092,friend_suv,2,C_donate_recycle D_small_paid F_special_items
5x5,MEDIUM disposal / borrowed vehicle,10000,75000,42781,42781,26941,16381,541,2.029844372746252,10.56,4051.2310606060605,30476,11800,2520,6156,10643,friend_suv,2,C_donate_recycle D_small_paid F_special_items
5x5,MEDIUM disposal / borrowed vehicle,10000,100000,64090,64090,45865,33715,15490,3.019410157354188,12.15,5274.897119341564,30476,11800,2520,6156,14184,friend_suv,2,C_donate_recycle D_small_paid F_special_items
5x5,MEDIUM disposal / borrowed vehicle,10000,150000,106623,106623,83028,67298,43703,4.936021480487015,15.73,6778.3216783216785,30476,11800,2520,6156,21276,friend_suv,2,C_donate_recycle D_small_paid F_special_items
5x5,MEDIUM disposal / borrowed vehicle,10000,200000,149156,149156,120191,100881,71916,6.78722242446305,19.31,7724.287933713103,30476,11800,2520,6156,28368,friend_suv,2,C_donate_recycle D_small_paid F_special_items
5x5,MEDIUM disposal / borrowed vehicle,10000,300000,234222,234222,194127,167397,127302,10.306345155328698,26.73,8762.514029180697,30476,11800,2520,6156,42552,friend_suv,2,C_donate_recycle D_small_paid F_special_items
5x5,MEDIUM disposal / borrowed vehicle,15000,25000,-5652,-5652,-16122,-23102,-33572,-0.21247321529265817,6.98,-809.7421203438395,36376,17700,2520,6156,3551,friend_suv,2,C_donate_recycle D_small_paid F_special_items
5x5,MEDIUM disposal / borrowed vehicle,15000,50000,15657,15657,2817,-5743,-18583,0.5852865313446226,8.56,1829.0887850467288,36376,17700,2520,6156,7092,friend_suv,2,C_donate_recycle D_small_paid F_special_items
5x5,MEDIUM disposal / borrowed vehicle,15000,75000,36881,36881,21041,10481,-5359,1.3671782325029656,10.56,3492.518939393939,36376,17700,2520,6156,10643,friend_suv,2,C_donate_recycle D_small_paid F_special_items
5x5,MEDIUM disposal / borrowed vehicle,15000,100000,58190,58190,39965,27815,9590,2.1451743714517435,12.15,4789.300411522634,36376,17700,2520,6156,14184,friend_suv,2,C_donate_recycle D_small_paid F_special_items
5x5,MEDIUM disposal / borrowed vehicle,15000,150000,100723,100723,77128,61398,37803,3.6625213628595326,15.73,6403.242212333122,36376,17700,2520,6156,21276,friend_suv,2,C_donate_recycle D_small_paid F_special_items
5x5,MEDIUM disposal / borrowed vehicle,15000,200000,143256,143256,114291,94981,66016,5.139044339216531,19.31,7418.74676333506,36376,17700,2520,6156,28368,friend_suv,2,C_donate_recycle D_small_paid F_special_items
5x5,MEDIUM disposal / borrowed vehicle,15000,300000,228322,228322,188227,161497,121402,7.976035771676099,26.73,8541.788252899363,36376,17700,2520,6156,42552,friend_suv,2,C_donate_recycle D_small_paid F_special_items
5x5,MEDIUM disposal / borrowed vehicle,20000,25000,-11552,-11552,-22022,-29002,-39472,-0.3554352173779268,6.98,-1655.0143266475643,42276,23600,2520,6156,3551,friend_suv,2,C_donate_recycle D_small_paid F_special_items
5x5,MEDIUM disposal / borrowed vehicle,20000,50000,9757,9757,-3083,-11643,-24483,0.29882698845364614,8.56,1139.8364485981308,42276,23600,2520,6156,7092,friend_suv,2,C_donate_recycle D_small_paid F_special_items
5x5,MEDIUM disposal / borrowed vehicle,20000,75000,30981,30981,15141,4581,-11259,0.9423591677819686,10.56,2933.806818181818,42276,23600,2520,6156,10643,friend_suv,2,C_donate_recycle D_small_paid F_special_items
5x5,MEDIUM disposal / borrowed vehicle,20000,100000,52290,52290,34065,21915,3690,1.5832980076303518,12.15,4303.7037037037035,42276,23600,2520,6156,14184,friend_suv,2,C_donate_recycle D_small_paid F_special_items
5x5,MEDIUM disposal / borrowed vehicle,20000,150000,94823,94823,71228,55498,31903,2.8389269782341846,15.73,6028.162746344565,42276,23600,2520,6156,21276,friend_suv,2,C_donate_recycle D_small_paid F_special_items
5x5,MEDIUM disposal / borrowed vehicle,20000,200000,137356,137356,108391,89081,60116,4.066674561819043,19.31,7113.205592957018,42276,23600,2520,6156,28368,friend_suv,2,C_donate_recycle D_small_paid F_special_items
5x5,MEDIUM disposal / borrowed vehicle,20000,300000,222422,222422,182327,155597,115502,6.442159531946938,26.73,8321.062476618032,42276,23600,2520,6156,42552,friend_suv,2,C_donate_recycle D_small_paid F_special_items
5x5,MEDIUM disposal / borrowed vehicle,30000,25000,-23352,-23352,-33822,-40802,-51272,-0.527121283943929,6.98,-3345.558739255014,54076,35400,2520,6156,3551,friend_suv,2,C_donate_recycle D_small_paid F_special_items
5x5,MEDIUM disposal / borrowed vehicle,30000,50000,-2043,-2043,-14883,-23443,-36283,-0.04596072079368293,8.56,-238.6682242990654,54076,35400,2520,6156,7092,friend_suv,2,C_donate_recycle D_small_paid F_special_items
5x5,MEDIUM disposal / borrowed vehicle,30000,75000,19181,19181,3341,-7219,-23059,0.42933566120512134,10.56,1816.3825757575758,54076,35400,2520,6156,10643,friend_suv,2,C_donate_recycle D_small_paid F_special_items
5x5,MEDIUM disposal / borrowed vehicle,30000,100000,40490,40490,22265,10115,-8110,0.9032704234149824,12.15,3332.5102880658437,54076,35400,2520,6156,14184,friend_suv,2,C_donate_recycle D_small_paid F_special_items
5x5,MEDIUM disposal / borrowed vehicle,30000,150000,83023,83023,59428,43698,20103,1.836751399305325,15.73,5278.003814367451,54076,35400,2520,6156,21276,friend_suv,2,C_donate_recycle D_small_paid F_special_items
5x5,MEDIUM disposal / borrowed vehicle,30000,200000,125556,125556,96591,77281,48316,2.7548709847288047,19.31,6502.123252200932,54076,35400,2520,6156,28368,friend_suv,2,C_donate_recycle D_small_paid F_special_items
5x5,MEDIUM disposal / borrowed vehicle,30000,300000,210622,210622,170527,143797,103702,4.546518153952424,26.73,7879.610924055369,54076,35400,2520,6156,42552,friend_suv,2,C_donate_recycle D_small_paid F_special_items
5x5,MEDIUM disposal / borrowed vehicle,50000,25000,-46952,-46952,-57422,-64402,-74872,-0.6914772978306652,6.98,-6726.647564469914,77676,59000,2520,6156,3551,friend_suv,2,C_donate_recycle D_small_paid F_special_items
5x5,MEDIUM disposal / borrowed vehicle,50000,50000,-25643,-25643,-38483,-47043,-59883,-0.3768203259320216,8.56,-2995.6775700934577,77676,59000,2520,6156,7092,friend_suv,2,C_donate_recycle D_small_paid F_special_items
5x5,MEDIUM disposal / borrowed vehicle,50000,75000,-4419,-4419,-20259,-30819,-46659,-0.06472259652000703,10.56,-418.46590909090907,77676,59000,2520,6156,10643,friend_suv,2,C_donate_recycle D_small_paid F_special_items
5x5,MEDIUM disposal / borrowed vehicle,50000,100000,16890,16890,-1335,-13485,-31710,0.2468359980124514,12.15,1390.1234567901233,77676,59000,2520,6156,14184,friend_suv,2,C_donate_recycle D_small_paid F_special_items
5x5,MEDIUM disposal / borrowed vehicle,50000,150000,59423,59423,35828,20098,-3497,0.8636938416592782,15.73,3777.685950413223,77676,59000,2520,6156,21276,friend_suv,2,C_donate_recycle D_small_paid F_special_items
5x5,MEDIUM disposal / borrowed vehicle,50000,200000,101956,101956,72991,53681,24716,1.4738637677807331,19.31,5279.958570688763,77676,59000,2520,6156,28368,friend_suv,2,C_donate_recycle D_small_paid F_special_items
5x5,MEDIUM disposal / borrowed vehicle,50000,300000,187022,187022,146927,120197,80102,2.6745702599891312,26.73,6996.707818930041,77676,59000,2520,6156,42552,friend_suv,2,C_donate_recycle D_small_paid F_special_items
5x5,MEDIUM disposal / rental vehicle,0,25000,5341,5341,-3629,-9609,-18579,0.3421963095848283,5.98,893.14381270903,25383,0,9227,6156,3551,uhaul_cargo_van,1,C_donate_recycle D_small_paid F_special_items
5x5,MEDIUM disposal / rental vehicle,0,50000,26650,26650,15310,7750,-3590,1.6912044675720268,7.56,3525.1322751322755,25383,0,9227,6156,7092,uhaul_cargo_van,1,C_donate_recycle D_small_paid F_special_items
5x5,MEDIUM disposal / rental vehicle,0,75000,47874,47874,33534,23974,9634,2.9953075142338736,9.56,5007.740585774059,25383,0,9227,6156,10643,uhaul_cargo_van,1,C_donate_recycle D_small_paid F_special_items
5x5,MEDIUM disposal / rental vehicle,0,100000,69183,69183,52458,41308,24583,4.288291080394223,11.15,6204.7533632286995,25383,0,9227,6156,14184,uhaul_cargo_van,1,C_donate_recycle D_small_paid F_special_items
5x5,MEDIUM disposal / rental vehicle,0,150000,111716,111716,89621,74891,52796,6.767385510055731,14.73,7584.249830278343,25383,0,9227,6156,21276,uhaul_cargo_van,1,C_donate_recycle D_small_paid F_special_items
5x5,MEDIUM disposal / rental vehicle,0,200000,154249,154249,126784,108474,81009,9.136350174731978,18.31,8424.303659202622,25383,0,9227,6156,28368,uhaul_cargo_van,1,C_donate_recycle D_small_paid F_special_items
5x5,MEDIUM disposal / rental vehicle,0,300000,239315,239315,200720,174990,136395,13.57199568989962,25.73,9301.010493587251,25383,0,9227,6156,42552,uhaul_cargo_van,1,C_donate_recycle D_small_paid F_special_items
5x5,MEDIUM disposal / rental vehicle,5000,25000,-659,-659,-9629,-15609,-24579,-0.0304979637171418,5.98,-110.20066889632106,31383,6000,9227,6156,3551,uhaul_cargo_van,1,C_donate_recycle D_small_paid F_special_items
5x5,MEDIUM disposal / rental vehicle,5000,50000,20650,20650,9310,1750,-9590,0.9490762018567883,7.56,2731.4814814814818,31383,6000,9227,6156,7092,uhaul_cargo_van,1,C_donate_recycle D_small_paid F_special_items
5x5,MEDIUM disposal / rental vehicle,5000,75000,41874,41874,27534,17974,3634,1.9048355547468498,9.56,4380.125523012552,31383,6000,9227,6156,10643,uhaul_cargo_van,1,C_donate_recycle D_small_paid F_special_items
5x5,MEDIUM disposal / rental vehicle,5000,100000,63183,63183,46458,35308,18583,2.8546966068766095,11.15,5666.636771300448,31383,6000,9227,6156,14184,uhaul_cargo_van,1,C_donate_recycle D_small_paid F_special_items
5x5,MEDIUM disposal / rental vehicle,5000,150000,105716,105716,83621,68891,46796,4.696818908832415,14.73,7176.917854718262,31383,6000,9227,6156,21276,uhaul_cargo_van,1,C_donate_recycle D_small_paid F_special_items
5x5,MEDIUM disposal / rental vehicle,5000,200000,148249,148249,120784,102474,75009,6.478564873486868,18.31,8096.613872200984,31383,6000,9227,6156,28368,uhaul_cargo_van,1,C_donate_recycle D_small_paid F_special_items
5x5,MEDIUM disposal / rental vehicle,5000,300000,233315,233315,194720,168990,130395,9.872424152667879,25.73,9067.819665759813,31383,6000,9227,6156,42552,uhaul_cargo_van,1,C_donate_recycle D_small_paid F_special_items
5x5,MEDIUM disposal / rental vehicle,10000,25000,-6459,-6459,-15429,-21409,-30379,-0.23566112084063048,5.98,-1080.1003344481605,37183,11800,9227,6156,3551,uhaul_cargo_van,1,C_donate_recycle D_small_paid F_special_items
5x5,MEDIUM disposal / rental vehicle,10000,50000,14850,14850,3510,-4050,-15390,0.5388634879163945,7.56,1964.2857142857144,37183,11800,9227,6156,7092,uhaul_cargo_van,1,C_donate_recycle D_small_paid F_special_items
5x5,MEDIUM disposal / rental vehicle,10000,75000,36074,36074,21734,12174,-2166,1.2984198970593528,9.56,3773.430962343096,37183,11800,9227,6156,10643,uhaul_cargo_van,1,C_donate_recycle D_small_paid F_special_items
5x5,MEDIUM disposal / rental vehicle,10000,100000,57383,57383,40658,29508,12783,2.0543085239680665,11.15,5146.457399103138,37183,11800,9227,6156,14184,uhaul_cargo_van,1,C_donate_recycle D_small_paid F_special_items
5x5,MEDIUM disposal / rental vehicle,10000,150000,99916,99916,77821,63091,40996,3.529602939098488,14.73,6783.1636116768495,37183,11800,9227,6156,21276,uhaul_cargo_van,1,C_donate_recycle D_small_paid F_special_items
5x5,MEDIUM disposal / rental vehicle,10000,200000,142449,142449,114984,96674,69209,4.966321514485933,18.31,7779.847078099399,37183,11800,9227,6156,28368,uhaul_cargo_van,1,C_donate_recycle D_small_paid F_special_items
5x5,MEDIUM disposal / rental vehicle,10000,300000,227515,227515,188920,163190,124595,7.729928991268304,25.73,8842.401865526623,37183,11800,9227,6156,42552,uhaul_cargo_van,1,C_donate_recycle D_small_paid F_special_items
5x5,MEDIUM disposal / rental vehicle,15000,25000,-12359,-12359,-21329,-27309,-36279,-0.3710519995196349,5.98,-2066.7224080267556,43083,17700,9227,6156,3551,uhaul_cargo_van,1,C_donate_recycle D_small_paid F_special_items
5x5,MEDIUM disposal / rental vehicle,15000,50000,8950,8950,-2390,-9950,-21290,0.267499551676729,7.56,1183.8624338624338,43083,17700,9227,6156,7092,uhaul_cargo_van,1,C_donate_recycle D_small_paid F_special_items
5x5,MEDIUM disposal / rental vehicle,15000,75000,30174,30174,15834,6274,-8066,0.8958228186325446,9.56,3156.2761506276147,43083,17700,9227,6156,10643,uhaul_cargo_van,1,C_donate_recycle D_small_paid F_special_items
5x5,MEDIUM disposal / rental vehicle,15000,100000,51483,51483,34758,23608,6883,1.5216800165518871,11.15,4617.309417040358,43083,17700,9227,6156,14184,uhaul_cargo_van,1,C_donate_recycle D_small_paid F_special_items
5x5,MEDIUM disposal / rental vehicle,15000,150000,94016,94016,71921,57191,35096,2.7483629560336764,14.73,6382.620502376103,43083,17700,9227,6156,21276,uhaul_cargo_van,1,C_donate_recycle D_small_paid F_special_items
5x5,MEDIUM disposal / rental vehicle,15000,200000,136549,136549,109084,90774,63309,3.9484428765578463,18.31,7457.618787547789,43083,17700,9227,6156,28368,uhaul_cargo_van,1,C_donate_recycle D_small_paid F_special_items
5x5,MEDIUM disposal / rental vehicle,15000,300000,221615,221615,183020,157290,118695,6.272181813035972,25.73,8613.097551496308,43083,17700,9227,6156,42552,uhaul_cargo_van,1,C_donate_recycle D_small_paid F_special_items
5x5,MEDIUM disposal / rental vehicle,20000,25000,-18259,-18259,-27229,-33209,-42179,-0.46569577637216897,5.98,-3053.344481605351,48983,23600,9227,6156,3551,uhaul_cargo_van,1,C_donate_recycle D_small_paid F_special_items
5x5,MEDIUM disposal / rental vehicle,20000,50000,3050,3050,-8290,-15850,-27190,0.07749377509019767,7.56,403.4391534391535,48983,23600,9227,6156,7092,uhaul_cargo_van,1,C_donate_recycle D_small_paid F_special_items
5x5,MEDIUM disposal / rental vehicle,20000,75000,24274,24274,9934,374,-13966,0.613243058888917,9.56,2539.121338912134,48983,23600,9227,6156,10643,uhaul_cargo_van,1,C_donate_recycle D_small_paid F_special_items
5x5,MEDIUM disposal / rental vehicle,20000,100000,45583,45583,28858,17708,983,1.14723277879848,11.15,4088.161434977578,48983,23600,9227,6156,14184,uhaul_cargo_van,1,C_donate_recycle D_small_paid F_special_items
5x5,MEDIUM disposal / rental vehicle,20000,150000,88116,88116,66021,51291,29196,2.196968185898075,14.73,5982.077393075357,48983,23600,9227,6156,21276,uhaul_cargo_van,1,C_donate_recycle D_small_paid F_special_items
5x5,MEDIUM disposal / rental vehicle,20000,200000,130649,130649,103184,84874,57409,3.2272558851863744,18.31,7135.390496996178,48983,23600,9227,6156,28368,uhaul_cargo_van,1,C_donate_recycle D_small_paid F_special_items
5x5,MEDIUM disposal / rental vehicle,20000,300000,215715,215715,177120,151390,112795,5.231610603157665,25.73,8383.793237465992,48983,23600,9227,6156,42552,uhaul_cargo_van,1,C_donate_recycle D_small_paid F_special_items
5x5,MEDIUM disposal / rental vehicle,30000,25000,-30059,-30059,-39029,-45009,-53979,-0.5892997176913425,5.98,-5026.588628762542,60783,35400,9227,6156,3551,uhaul_cargo_van,1,C_donate_recycle D_small_paid F_special_items
5x5,MEDIUM disposal / rental vehicle,30000,50000,-8750,-8750,-20090,-27650,-38990,-0.1710387427186364,7.56,-1157.4074074074074,60783,35400,9227,6156,7092,uhaul_cargo_van,1,C_donate_recycle D_small_paid F_special_items
5x5,MEDIUM disposal / rental vehicle,30000,75000,12474,12474,-1866,-11426,-25766,0.24276511686744642,9.56,1304.8117154811714,60783,35400,9227,6156,10643,uhaul_cargo_van,1,C_donate_recycle D_small_paid F_special_items
5x5,MEDIUM disposal / rental vehicle,30000,100000,33783,33783,17058,5908,-10817,0.6555605146216987,11.15,3029.865470852018,60783,35400,9227,6156,14184,uhaul_cargo_van,1,C_donate_recycle D_small_paid F_special_items
5x5,MEDIUM disposal / rental vehicle,30000,150000,76316,76316,54221,39491,17396,1.4702165369499884,14.73,5180.991174473863,60783,35400,9227,6156,21276,uhaul_cargo_van,1,C_donate_recycle D_small_paid F_special_items
5x5,MEDIUM disposal / rental vehicle,30000,200000,118849,118849,91384,73074,45609,2.2731863129506724,18.31,6490.933915892955,60783,35400,9227,6156,28368,uhaul_cargo_van,1,C_donate_recycle D_small_paid F_special_items
5x5,MEDIUM disposal / rental vehicle,30000,300000,203915,203915,165320,139590,100995,3.8450587370128035,25.73,7925.1846094053635,60783,35400,9227,6156,42552,uhaul_cargo_van,1,C_donate_recycle D_small_paid F_special_items
5x5,MEDIUM disposal / rental vehicle,50000,25000,-53659,-53659,-62629,-68609,-77579,-0.7192124168989921,5.98,-8973.076923076922,84383,59000,9227,6156,3551,uhaul_cargo_van,1,C_donate_recycle D_small_paid F_special_items
5x5,MEDIUM disposal / rental vehicle,50000,50000,-32350,-32350,-43690,-51250,-62590,-0.43272960753364187,7.56,-4279.1005291005295,84383,59000,9227,6156,7092,uhaul_cargo_van,1,C_donate_recycle D_small_paid F_special_items
5x5,MEDIUM disposal / rental vehicle,50000,75000,-11126,-11126,-25466,-35026,-49366,-0.14838029953456117,9.56,-1163.807531380753,84383,59000,9227,6156,10643,uhaul_cargo_van,1,C_donate_recycle D_small_paid F_special_items
5x5,MEDIUM disposal / rental vehicle,50000,100000,10183,10183,-6542,-17692,-34417,0.13553298816764936,11.15,913.2735426008968,84383,59000,9227,6156,14184,uhaul_cargo_van,1,C_donate_recycle D_small_paid F_special_items
5x5,MEDIUM disposal / rental vehicle,50000,150000,52716,52716,30621,15891,-6204,0.6981511892779573,14.73,3578.8187372708758,84383,59000,9227,6156,21276,uhaul_cargo_van,1,C_donate_recycle D_small_paid F_special_items
5x5,MEDIUM disposal / rental vehicle,50000,200000,95249,95249,67784,49474,22009,1.2552086765151615,18.31,5202.02075368651,84383,59000,9227,6156,28368,uhaul_cargo_van,1,C_donate_recycle D_small_paid F_special_items
5x5,MEDIUM disposal / rental vehicle,50000,300000,180315,180315,141720,115990,77395,2.352968042488223,25.73,7007.967353284104,84383,59000,9227,6156,42552,uhaul_cargo_van,1,C_donate_recycle D_small_paid F_special_items
5x5,HIGH disposal / rental vehicle,0,25000,-5213,-5213,-14858,-21288,-30933,-0.199258466478098,6.43,-810.7309486780716,35937,0,9227,16710,3551,uhaul_cargo_van,1,C_donate_recycle E_dump_run F_special_items
5x5,HIGH disposal / rental vehicle,0,50000,16096,16096,4081,-3929,-15944,0.6117360899969596,8.01,2009.4881398252185,35937,0,9227,16710,7092,uhaul_cargo_van,1,C_donate_recycle E_dump_run F_special_items
5x5,HIGH disposal / rental vehicle,0,75000,37320,37320,22305,12295,-2720,1.4063383200813957,10.01,3728.2717282717285,35937,0,9227,16710,10643,uhaul_cargo_van,1,C_donate_recycle E_dump_run F_special_items
5x5,HIGH disposal / rental vehicle,0,100000,58629,58629,41229,29629,12229,2.1969123543298235,11.6,5054.224137931034,35937,0,9227,16710,14184,uhaul_cargo_van,1,C_donate_recycle E_dump_run F_special_items
5x5,HIGH disposal / rental vehicle,0,150000,101162,101162,78392,63212,40442,3.7381568250683617,15.18,6664.163372859025,35937,0,9227,16710,21276,uhaul_cargo_van,1,C_donate_recycle E_dump_run F_special_items
5x5,HIGH disposal / rental vehicle,0,200000,143695,143695,115555,96795,68655,5.2372708386485405,18.76,7659.648187633262,35937,0,9227,16710,28368,uhaul_cargo_van,1,C_donate_recycle E_dump_run F_special_items
5x5,HIGH disposal / rental vehicle,0,300000,228761,228761,189491,163311,124041,8.115833540284529,26.18,8738.006111535524,35937,0,9227,16710,42552,uhaul_cargo_van,1,C_donate_recycle E_dump_run F_special_items
5x5,HIGH disposal / rental vehicle,5000,25000,-11213,-11213,-20858,-27288,-36933,-0.3486412536533798,6.43,-1743.8569206842924,41937,6000,9227,16710,3551,uhaul_cargo_van,1,C_donate_recycle E_dump_run F_special_items
5x5,HIGH disposal / rental vehicle,5000,50000,10096,10096,-1919,-9929,-21944,0.31245357761822234,8.01,1260.4244694132335,41937,6000,9227,16710,7092,uhaul_cargo_van,1,C_donate_recycle E_dump_run F_special_items
5x5,HIGH disposal / rental vehicle,5000,75000,31320,31320,16305,6295,-8720,0.9625964286811938,10.01,3128.871128871129,41937,6000,9227,16710,10643,uhaul_cargo_van,1,C_donate_recycle E_dump_run F_special_items
5x5,HIGH disposal / rental vehicle,5000,100000,52629,52629,35229,23629,6229,1.6100896380824181,11.6,4536.98275862069,41937,6000,9227,16710,14184,uhaul_cargo_van,1,C_donate_recycle E_dump_run F_special_items
5x5,HIGH disposal / rental vehicle,5000,150000,95162,95162,72392,57212,34442,2.8782892746960256,15.18,6268.906455862978,41937,6000,9227,16710,21276,uhaul_cargo_van,1,C_donate_recycle E_dump_run F_special_items
5x5,HIGH disposal / rental vehicle,5000,200000,137695,137695,109555,90795,62655,4.118042886622604,18.76,7339.818763326225,41937,6000,9227,16710,28368,uhaul_cargo_van,1,C_donate_recycle E_dump_run F_special_items
5x5,HIGH disposal / rental vehicle,5000,300000,222761,222761,183491,157311,118041,6.51595635767982,26.18,8508.823529411764,41937,6000,9227,16710,42552,uhaul_cargo_van,1,C_donate_recycle E_dump_run F_special_items
5x5,HIGH disposal / rental vehicle,10000,25000,-17013,-17013,-26658,-33088,-42733,-0.44815868500079026,6.43,-2645.8786936236393,47737,11800,9227,16710,3551,uhaul_cargo_van,1,C_donate_recycle E_dump_run F_special_items
5x5,HIGH disposal / rental vehicle,10000,50000,4296,4296,-7719,-15729,-27744,0.11272040302267003,8.01,536.3295880149813,47737,11800,9227,16710,7092,uhaul_cargo_van,1,C_donate_recycle E_dump_run F_special_items
5x5,HIGH disposal / rental vehicle,10000,75000,25520,25520,10505,495,-14520,0.6656754571301875,10.01,2549.4505494505497,47737,11800,9227,16710,10643,uhaul_cargo_van,1,C_donate_recycle E_dump_run F_special_items
5x5,HIGH disposal / rental vehicle,10000,100000,46829,46829,29429,17829,429,1.216748512484735,11.6,4036.9827586206898,47737,11800,9227,16710,14184,uhaul_cargo_van,1,C_donate_recycle E_dump_run F_special_items
5x5,HIGH disposal / rental vehicle,10000,150000,89362,89362,66592,51412,28642,2.299469919201276,15.18,5886.824769433465,47737,11800,9227,16710,21276,uhaul_cargo_van,1,C_donate_recycle E_dump_run F_special_items
5x5,HIGH disposal / rental vehicle,10000,200000,131895,131895,103755,84995,56855,3.361495527180977,18.76,7030.650319829424,47737,11800,9227,16710,28368,uhaul_cargo_van,1,C_donate_recycle E_dump_run F_special_items
5x5,HIGH disposal / rental vehicle,10000,300000,216961,216961,177691,151511,112241,5.425788381223898,26.18,8287.280366692132,47737,11800,9227,16710,42552,uhaul_cargo_van,1,C_donate_recycle E_dump_run F_special_items
5x5,HIGH disposal / rental vehicle,15000,25000,-22913,-22913,-32558,-38988,-48633,-0.522388399981761,6.43,-3563.452566096423,53637,17700,9227,16710,3551,uhaul_cargo_van,1,C_donate_recycle E_dump_run F_special_items
5x5,HIGH disposal / rental vehicle,15000,50000,-1604,-1604,-13619,-21629,-33644,-0.03644460601654095,8.01,-200.24968789013732,53637,17700,9227,16710,7092,uhaul_cargo_van,1,C_donate_recycle E_dump_run F_special_items
5x5,HIGH disposal / rental vehicle,15000,75000,19620,19620,4605,-5405,-20420,0.44352013020774467,10.01,1960.03996003996,53637,17700,9227,16710,10643,uhaul_cargo_van,1,C_donate_recycle E_dump_run F_special_items
5x5,HIGH disposal / rental vehicle,15000,100000,40929,40929,23529,11929,-5471,0.9220943068916575,11.6,3528.362068965517,53637,17700,9227,16710,14184,uhaul_cargo_van,1,C_donate_recycle E_dump_run F_special_items
5x5,HIGH disposal / rental vehicle,15000,150000,83462,83462,60692,45512,22742,1.8645726285688753,15.18,5498.155467720685,53637,17700,9227,16710,21276,uhaul_cargo_van,1,C_donate_recycle E_dump_run F_special_items
5x5,HIGH disposal / rental vehicle,15000,200000,125995,125995,97855,79095,50955,2.7913906551166447,18.76,6716.151385927505,53637,17700,9227,16710,28368,uhaul_cargo_van,1,C_donate_recycle E_dump_run F_special_items
5x5,HIGH disposal / rental vehicle,15000,300000,211061,211061,171791,145611,106341,4.59958158083989,26.18,8061.917494270436,53637,17700,9227,16710,42552,uhaul_cargo_van,1,C_donate_recycle E_dump_run F_special_items
5x5,HIGH disposal / rental vehicle,20000,25000,-28813,-28813,-38458,-44888,-54533,-0.5790161167155661,6.43,-4481.026438569207,59537,23600,9227,16710,3551,uhaul_cargo_van,1,C_donate_recycle E_dump_run F_special_items
5x5,HIGH disposal / rental vehicle,20000,50000,-7504,-7504,-19519,-27529,-39544,-0.15034460650745313,8.01,-936.828963795256,59537,23600,9227,16710,7092,uhaul_cargo_van,1,C_donate_recycle E_dump_run F_special_items
5x5,HIGH disposal / rental vehicle,20000,75000,13720,13720,-1295,-11305,-26320,0.27365019845622995,10.01,1370.6293706293707,59537,23600,9227,16710,10643,uhaul_cargo_van,1,C_donate_recycle E_dump_run F_special_items
5x5,HIGH disposal / rental vehicle,20000,100000,35029,35029,17629,6029,-11371,0.6965816214926323,11.6,3019.741379310345,59537,23600,9227,16710,14184,uhaul_cargo_van,1,C_donate_recycle E_dump_run F_special_items
5x5,HIGH disposal / rental vehicle,20000,150000,77562,77562,54792,39612,16842,1.5309699577592673,15.18,5109.486166007905,59537,23600,9227,16710,21276,uhaul_cargo_van,1,C_donate_recycle E_dump_run F_special_items
5x5,HIGH disposal / rental vehicle,20000,200000,120095,120095,91955,73195,45055,2.3530967729294434,18.76,6401.652452025586,59537,23600,9227,16710,28368,uhaul_cargo_van,1,C_donate_recycle E_dump_run F_special_items
5x5,HIGH disposal / rental vehicle,20000,300000,205161,205161,165891,139711,100441,3.961631297429857,26.18,7836.55462184874,59537,23600,9227,16710,42552,uhaul_cargo_van,1,C_donate_recycle E_dump_run F_special_items
5x5,HIGH disposal / rental vehicle,30000,25000,-40613,-40613,-50258,-56688,-66333,-0.659708911341412,6.43,-6316.174183514775,71337,35400,9227,16710,3551,uhaul_cargo_van,1,C_donate_recycle E_dump_run F_special_items
5x5,HIGH disposal / rental vehicle,30000,50000,-19304,-19304,-31319,-39329,-51344,-0.312807881773399,8.01,-2409.987515605493,71337,35400,9227,16710,7092,uhaul_cargo_van,1,C_donate_recycle E_dump_run F_special_items
5x5,HIGH disposal / rental vehicle,30000,75000,1920,1920,-13095,-23105,-38120,0.030999241164408997,10.01,191.80819180819182,71337,35400,9227,16710,10643,uhaul_cargo_van,1,C_donate_recycle E_dump_run F_special_items
5x5,HIGH disposal / rental vehicle,30000,100000,23229,23229,5829,-5771,-23171,0.37413629262164383,11.6,2002.5,71337,35400,9227,16710,14184,uhaul_cargo_van,1,C_donate_recycle E_dump_run F_special_items
5x5,HIGH disposal / rental vehicle,30000,150000,65762,65762,42992,27812,5042,1.0528321219301335,15.18,4332.147562582345,71337,35400,9227,16710,21276,uhaul_cargo_van,1,C_donate_recycle E_dump_run F_special_items
5x5,HIGH disposal / rental vehicle,30000,200000,108295,108295,80155,61395,33255,1.7234272801056703,18.76,5772.654584221748,71337,35400,9227,16710,28368,uhaul_cargo_van,1,C_donate_recycle E_dump_run F_special_items
5x5,HIGH disposal / rental vehicle,30000,300000,193361,193361,154091,127911,88641,3.040888860930693,26.18,7385.828877005348,71337,35400,9227,16710,42552,uhaul_cargo_van,1,C_donate_recycle E_dump_run F_special_items
5x5,HIGH disposal / rental vehicle,50000,25000,-64213,-64213,-73858,-80288,-89933,-0.754010004462084,6.43,-9986.46967340591,94937,59000,9227,16710,3551,uhaul_cargo_van,1,C_donate_recycle E_dump_run F_special_items
5x5,HIGH disposal / rental vehicle,50000,50000,-42904,-42904,-54919,-62929,-74944,-0.502906976744186,8.01,-5356.304619225968,94937,59000,9227,16710,7092,uhaul_cargo_van,1,C_donate_recycle E_dump_run F_special_items
5x5,HIGH disposal / rental vehicle,50000,75000,-21680,-21680,-36695,-46705,-61720,-0.253457568069958,10.01,-2165.834165834166,94937,59000,9227,16710,10643,uhaul_cargo_van,1,C_donate_recycle E_dump_run F_special_items
5x5,HIGH disposal / rental vehicle,50000,100000,-371,-371,-17771,-29371,-46771,-0.004329711624867249,11.6,-31.982758620689655,94937,59000,9227,16710,14184,uhaul_cargo_van,1,C_donate_recycle E_dump_run F_special_items
5x5,HIGH disposal / rental vehicle,50000,150000,42162,42162,19392,4212,-18558,0.48990262833771003,15.18,2777.4703557312255,94937,59000,9227,16710,21276,uhaul_cargo_van,1,C_donate_recycle E_dump_run F_special_items
5x5,HIGH disposal / rental vehicle,50000,200000,84695,84695,56555,37795,9655,0.9798465934727026,18.76,4514.658848614072,94937,59000,9227,16710,28368,uhaul_cargo_van,1,C_donate_recycle E_dump_run F_special_items
5x5,HIGH disposal / rental vehicle,50000,300000,169761,169761,130491,104311,65041,1.947090736004221,26.18,6484.377387318564,94937,59000,9227,16710,42552,uhaul_cargo_van,1,C_donate_recycle E_dump_run F_special_items
5x10,LOW disposal / borrowed SUV,0,25000,16124,16124,4034,-4026,-16116,3.3417616580310883,8.06,2000.4962779156326,14600,0,2820,1780,3551,friend_suv,3,C_donate_recycle D_small_paid
5x10,LOW disposal / borrowed SUV,0,50000,37433,37433,22973,13333,-1127,7.524221105527638,9.64,3883.091286307054,14600,0,2820,1780,7092,friend_suv,3,C_donate_recycle D_small_paid
5x10,LOW disposal / borrowed SUV,0,75000,58657,58657,41197,29557,12097,11.280192307692309,11.64,5039.261168384879,14600,0,2820,1780,10643,friend_suv,3,C_donate_recycle D_small_paid
5x10,LOW disposal / borrowed SUV,0,100000,79966,79966,60121,46891,27046,14.946915887850468,13.23,6044.293272864701,14600,0,2820,1780,14184,friend_suv,3,C_donate_recycle D_small_paid
5x10,LOW disposal / borrowed SUV,0,150000,122499,122499,97284,80474,55259,21.39720524017467,16.81,7287.269482450923,14600,0,2820,1780,21276,friend_suv,3,C_donate_recycle D_small_paid
5x10,LOW disposal / borrowed SUV,0,200000,165032,165032,134447,114057,83472,27.054426229508195,20.39,8093.771456596371,14600,0,2820,1780,28368,friend_suv,3,C_donate_recycle D_small_paid
5x10,LOW disposal / borrowed SUV,0,300000,250098,250098,208383,180573,138858,36.51065693430657,27.81,8993.09600862999,14600,0,2820,1780,42552,friend_suv,3,C_donate_recycle D_small_paid
5x10,LOW disposal / borrowed SUV,5000,25000,10124,10124,-1966,-10026,-22116,0.935242494226328,8.06,1256.0794044665013,20600,6000,2820,1780,3551,friend_suv,3,C_donate_recycle D_small_paid
5x10,LOW disposal / borrowed SUV,5000,50000,31433,31433,16973,7333,-7127,2.8640546697038722,9.64,3260.6846473029045,20600,6000,2820,1780,7092,friend_suv,3,C_donate_recycle D_small_paid
5x10,LOW disposal / borrowed SUV,5000,75000,52657,52657,35197,23557,6097,4.701517857142857,11.64,4523.7972508591065,20600,6000,2820,1780,10643,friend_suv,3,C_donate_recycle D_small_paid
5x10,LOW disposal / borrowed SUV,5000,100000,73966,73966,54121,40891,21046,6.516828193832599,13.23,5590.7785336356765,20600,6000,2820,1780,14184,friend_suv,3,C_donate_recycle D_small_paid
5x10,LOW disposal / borrowed SUV,5000,150000,116499,116499,91284,74474,49259,9.93594882729211,16.81,6930.3390838786445,20600,6000,2820,1780,21276,friend_suv,3,C_donate_recycle D_small_paid
5x10,LOW disposal / borrowed SUV,5000,200000,159032,159032,128447,108057,77472,13.143140495867769,20.39,7799.509563511525,20600,6000,2820,1780,28368,friend_suv,3,C_donate_recycle D_small_paid
5x10,LOW disposal / borrowed SUV,5000,300000,244098,244098,202383,174573,132858,18.995953307392995,27.81,8777.346278317153,20600,6000,2820,1780,42552,friend_suv,3,C_donate_recycle D_small_paid
5x10,LOW disposal / borrowed SUV,10000,25000,4324,4324,-7766,-15826,-27916,0.26009022556390976,8.06,536.4764267990074,26400,11800,2820,1780,3551,friend_suv,3,C_donate_recycle D_small_paid
5x10,LOW disposal / borrowed SUV,10000,50000,25633,25633,11173,1533,-12927,1.5280476900149031,9.64,2659.02489626556,26400,11800,2820,1780,7092,friend_suv,3,C_donate_recycle D_small_paid
5x10,LOW disposal / borrowed SUV,10000,75000,46857,46857,29397,17757,297,2.756294117647059,11.64,4025.5154639175257,26400,11800,2820,1780,10643,friend_suv,3,C_donate_recycle D_small_paid
5x10,LOW disposal / borrowed SUV,10000,100000,68166,68166,48321,35091,15246,3.9746938775510205,13.23,5152.380952380952,26400,11800,2820,1780,14184,friend_suv,3,C_donate_recycle D_small_paid
5x10,LOW disposal / borrowed SUV,10000,150000,110699,110699,85484,68674,43459,6.316633380884451,16.81,6585.306365258775,26400,11800,2820,1780,21276,friend_suv,3,C_donate_recycle D_small_paid
5x10,LOW disposal / borrowed SUV,10000,200000,153232,153232,122647,102257,71672,8.560446927374302,20.39,7515.056400196175,26400,11800,2820,1780,28368,friend_suv,3,C_donate_recycle D_small_paid
5x10,LOW disposal / borrowed SUV,10000,300000,238298,238298,196583,168773,127058,12.777372654155496,27.81,8568.78820568141,26400,11800,2820,1780,42552,friend_suv,3,C_donate_recycle D_small_paid
5x10,LOW disposal / borrowed SUV,15000,25000,-1576,-1576,-13666,-21726,-33816,-0.06996670366259712,8.06,-195.5334987593052,32300,17700,2820,1780,3551,friend_suv,3,C_donate_recycle D_small_paid
5x10,LOW disposal / borrowed SUV,15000,50000,19733,19733,5273,-4367,-18827,0.8702535832414553,9.64,2046.9917012448132,32300,17700,2820,1780,7092,friend_suv,3,C_donate_recycle D_small_paid
5x10,LOW disposal / borrowed SUV,15000,75000,40957,40957,23497,11857,-5603,1.7885152838427947,11.64,3518.642611683849,32300,17700,2820,1780,10643,friend_suv,3,C_donate_recycle D_small_paid
5x10,LOW disposal / borrowed SUV,15000,100000,62266,62266,42421,29191,9346,2.701344902386117,13.23,4706.424792139078,32300,17700,2820,1780,14184,friend_suv,3,C_donate_recycle D_small_paid
5x10,LOW disposal / borrowed SUV,15000,150000,104799,104799,79584,62774,37559,4.4738100320170755,16.81,6234.324806662701,32300,17700,2820,1780,21276,friend_suv,3,C_donate_recycle D_small_paid
5x10,LOW disposal / borrowed SUV,15000,200000,147332,147332,116747,96357,65772,6.190420168067227,20.39,7225.698871996076,32300,17700,2820,1780,28368,friend_suv,3,C_donate_recycle D_small_paid
5x10,LOW disposal / borrowed SUV,15000,300000,232398,232398,190683,162873,121158,9.466313645621181,27.81,8356.63430420712,32300,17700,2820,1780,42552,friend_suv,3,C_donate_recycle D_small_paid
5x10,LOW disposal / borrowed SUV,20000,25000,-7476,-7476,-19566,-27626,-39716,-0.2630079155672823,8.06,-927.5434243176178,38200,23600,2820,1780,3551,friend_suv,3,C_donate_recycle D_small_paid
5x10,LOW disposal / borrowed SUV,20000,50000,13833,13833,-627,-10267,-24727,0.4840944881889764,9.64,1434.9585062240662,38200,23600,2820,1780,7092,friend_suv,3,C_donate_recycle D_small_paid
5x10,LOW disposal / borrowed SUV,20000,75000,35057,35057,17597,5957,-11503,1.2172569444444445,11.64,3011.7697594501715,38200,23600,2820,1780,10643,friend_suv,3,C_donate_recycle D_small_paid
5x10,LOW disposal / borrowed SUV,20000,100000,56366,56366,36521,23291,3446,1.9470120898100172,13.23,4260.4686318972035,38200,23600,2820,1780,14184,friend_suv,3,C_donate_recycle D_small_paid
5x10,LOW disposal / borrowed SUV,20000,150000,98899,98899,73684,56874,31659,3.3725149190110826,16.81,5883.343248066628,38200,23600,2820,1780,21276,friend_suv,3,C_donate_recycle D_small_paid
5x10,LOW disposal / borrowed SUV,20000,200000,141432,141432,110847,90457,59872,4.762020202020202,20.39,6936.341343795978,38200,23600,2820,1780,28368,friend_suv,3,C_donate_recycle D_small_paid
5x10,LOW disposal / borrowed SUV,20000,300000,226498,226498,184783,156973,115258,7.438357963875205,27.81,8144.48040273283,38200,23600,2820,1780,42552,friend_suv,3,C_donate_recycle D_small_paid
5x10,LOW disposal / borrowed SUV,30000,25000,-19276,-19276,-31366,-39426,-51516,-0.4792044748290864,8.06,-2391.563275434243,50000,35400,2820,1780,3551,friend_suv,3,C_donate_recycle D_small_paid
5x10,LOW disposal / borrowed SUV,30000,50000,2033,2033,-12427,-22067,-36527,0.050352941176470586,9.64,210.8921161825726,50000,35400,2820,1780,7092,friend_suv,3,C_donate_recycle D_small_paid
5x10,LOW disposal / borrowed SUV,30000,75000,23257,23257,5797,-5843,-23303,0.5728325123152709,11.64,1998.0240549828177,50000,35400,2820,1780,10643,friend_suv,3,C_donate_recycle D_small_paid
5x10,LOW disposal / borrowed SUV,30000,100000,44566,44566,24721,11491,-8354,1.0936441717791412,13.23,3368.5563114134543,50000,35400,2820,1780,14184,friend_suv,3,C_donate_recycle D_small_paid
5x10,LOW disposal / borrowed SUV,30000,150000,87099,87099,61884,45074,19859,2.117908814589666,16.81,5181.38013087448,50000,35400,2820,1780,21276,friend_suv,3,C_donate_recycle D_small_paid
5x10,LOW disposal / borrowed SUV,30000,200000,129632,129632,99047,78657,48072,3.1236626506024097,20.39,6357.626287395782,50000,35400,2820,1780,28368,friend_suv,3,C_donate_recycle D_small_paid
5x10,LOW disposal / borrowed SUV,30000,300000,214698,214698,172983,145173,103458,5.081609467455621,27.81,7720.17259978425,50000,35400,2820,1780,42552,friend_suv,3,C_donate_recycle D_small_paid
5x10,LOW disposal / borrowed SUV,50000,25000,-42876,-42876,-54966,-63026,-75116,-0.6717743830787309,8.06,-5319.602977667493,73600,59000,2820,1780,3551,friend_suv,3,C_donate_recycle D_small_paid
5x10,LOW disposal / borrowed SUV,50000,50000,-21567,-21567,-36027,-45667,-60127,-0.337116060961313,9.64,-2237.240663900415,73600,59000,2820,1780,7092,friend_suv,3,C_donate_recycle D_small_paid
5x10,LOW disposal / borrowed SUV,50000,75000,-343,-343,-17803,-29443,-46903,-0.005342679127725856,11.64,-29.467353951890033,73600,59000,2820,1780,10643,friend_suv,3,C_donate_recycle D_small_paid
5x10,LOW disposal / borrowed SUV,50000,100000,20966,20966,1121,-12109,-31954,0.3258119658119658,13.23,1584.731670445956,73600,59000,2820,1780,14184,friend_suv,3,C_donate_recycle D_small_paid
5x10,LOW disposal / borrowed SUV,50000,150000,63499,63499,38284,21474,-3741,0.9810583236770954,16.81,3777.453896490185,73600,59000,2820,1780,21276,friend_suv,3,C_donate_recycle D_small_paid
5x10,LOW disposal / borrowed SUV,50000,200000,106032,106032,75447,55057,24472,1.6287557603686635,20.39,5200.1961745953895,73600,59000,2820,1780,28368,friend_suv,3,C_donate_recycle D_small_paid
5x10,LOW disposal / borrowed SUV,50000,300000,191098,191098,149383,121573,79858,2.9020197418375093,27.81,6871.556993887091,73600,59000,2820,1780,42552,friend_suv,3,C_donate_recycle D_small_paid
5x10,LOW disposal / rental van,0,25000,9717,9717,627,-5433,-14523,0.8651175213675214,6.06,1603.4653465346535,21007,0,9227,1780,3551,uhaul_cargo_van,1,C_donate_recycle D_small_paid
5x10,LOW disposal / rental van,0,50000,31026,31026,19566,11926,466,2.7258829731154455,7.64,4060.994764397906,21007,0,9227,1780,7092,uhaul_cargo_van,1,C_donate_recycle D_small_paid
5x10,LOW disposal / rental van,0,75000,52250,52250,37790,28150,13690,4.501593865770656,9.64,5420.124481327801,21007,0,9227,1780,10643,uhaul_cargo_van,1,C_donate_recycle D_small_paid
5x10,LOW disposal / rental van,0,100000,73559,73559,56714,45484,28639,6.256613081568427,11.23,6550.222617987533,21007,0,9227,1780,14184,uhaul_cargo_van,1,C_donate_recycle D_small_paid
5x10,LOW disposal / rental van,0,150000,116092,116092,93877,79067,56852,9.569073524563139,14.81,7838.757596218771,21007,0,9227,1780,21276,uhaul_cargo_van,1,C_donate_recycle D_small_paid
5x10,LOW disposal / rental van,0,200000,158625,158625,131040,112650,85065,12.68289757735668,18.39,8625.611745513866,21007,0,9227,1780,28368,uhaul_cargo_van,1,C_donate_recycle D_small_paid
5x10,LOW disposal / rental van,0,300000,243691,243691,204976,179166,140451,18.38206230670589,25.81,9441.728012398296,21007,0,9227,1780,42552,uhaul_cargo_van,1,C_donate_recycle D_small_paid
5x10,LOW disposal / rental van,5000,25000,3717,3717,-5373,-11433,-20523,0.2157033426183844,6.06,613.3663366336634,27007,6000,9227,1780,3551,uhaul_cargo_van,1,C_donate_recycle D_small_paid
5x10,LOW disposal / rental van,5000,50000,25026,25026,13566,5926,-5534,1.4397652744218157,7.64,3275.6544502617803,27007,6000,9227,1780,7092,uhaul_cargo_van,1,C_donate_recycle D_small_paid
5x10,LOW disposal / rental van,5000,75000,46250,46250,31790,22150,7690,2.626796160617936,9.64,4797.717842323651,27007,6000,9227,1780,10643,uhaul_cargo_van,1,C_donate_recycle D_small_paid
5x10,LOW disposal / rental van,5000,100000,67559,67559,50714,39484,22639,3.8046404234949596,11.23,6015.939447907391,27007,6000,9227,1780,14184,uhaul_cargo_van,1,C_donate_recycle D_small_paid
5x10,LOW disposal / rental van,5000,150000,110092,110092,87877,73067,50852,6.071696448268255,14.81,7433.625928426738,27007,6000,9227,1780,21276,uhaul_cargo_van,1,C_donate_recycle D_small_paid
5x10,LOW disposal / rental van,5000,200000,152625,152625,125040,106650,79065,8.246879559085752,18.39,8299.347471451876,27007,6000,9227,1780,28368,uhaul_cargo_van,1,C_donate_recycle D_small_paid
5x10,LOW disposal / rental van,5000,300000,237691,237691,198976,173166,134451,12.343096017032767,25.81,9209.259976753197,27007,6000,9227,1780,42552,uhaul_cargo_van,1,C_donate_recycle D_small_paid
5x10,LOW disposal / rental van,10000,25000,-2083,-2083,-11173,-17233,-26323,-0.09043938867662382,6.06,-343.72937293729376,32807,11800,9227,1780,3551,uhaul_cargo_van,1,C_donate_recycle D_small_paid
5x10,LOW disposal / rental van,10000,50000,19226,19226,7766,126,-11334,0.8293503580364076,7.64,2516.4921465968587,32807,11800,9227,1780,7092,uhaul_cargo_van,1,C_donate_recycle D_small_paid
5x10,LOW disposal / rental van,10000,75000,40450,40450,25990,16350,1890,1.7281155209979921,9.64,4196.058091286307,32807,11800,9227,1780,10643,uhaul_cargo_van,1,C_donate_recycle D_small_paid
5x10,LOW disposal / rental van,10000,100000,61759,61759,44914,33684,16839,2.6216835760071318,11.23,5499.46571682992,32807,11800,9227,1780,14184,uhaul_cargo_van,1,C_donate_recycle D_small_paid
5x10,LOW disposal / rental van,10000,150000,104292,104292,82077,67267,45052,4.357847233829182,14.81,7041.998649561107,32807,11800,9227,1780,21276,uhaul_cargo_van,1,C_donate_recycle D_small_paid
5x10,LOW disposal / rental van,10000,200000,146825,146825,119240,100850,73265,6.040441025219073,18.39,7983.958673191952,32807,11800,9227,1780,28368,uhaul_cargo_van,1,C_donate_recycle D_small_paid
5x10,LOW disposal / rental van,10000,300000,231891,231891,193176,167366,128651,9.254539649598915,25.81,8984.540875629602,32807,11800,9227,1780,42552,uhaul_cargo_van,1,C_donate_recycle D_small_paid
5x10,LOW disposal / rental van,15000,25000,-7983,-7983,-17073,-23133,-32223,-0.27592285358772295,6.06,-1317.3267326732673,38707,17700,9227,1780,3551,uhaul_cargo_van,1,C_donate_recycle D_small_paid
5x10,LOW disposal / rental van,15000,50000,13326,13326,1866,-5774,-17234,0.4582215803589849,7.64,1744.2408376963351,38707,17700,9227,1780,7092,uhaul_cargo_van,1,C_donate_recycle D_small_paid
5x10,LOW disposal / rental van,15000,75000,34550,34550,20090,10450,-4010,1.1788992390896373,9.64,3584.02489626556,38707,17700,9227,1780,10643,uhaul_cargo_van,1,C_donate_recycle D_small_paid
5x10,LOW disposal / rental van,15000,100000,55859,55859,39014,27784,10939,1.896289506738636,11.23,4974.087266251113,38707,17700,9227,1780,14184,uhaul_cargo_van,1,C_donate_recycle D_small_paid
5x10,LOW disposal / rental van,15000,150000,98392,98392,76177,61367,39152,3.2982032716545993,14.81,6643.619176232275,38707,17700,9227,1780,21276,uhaul_cargo_van,1,C_donate_recycle D_small_paid
5x10,LOW disposal / rental van,15000,200000,140925,140925,113340,94950,67365,4.665309365378886,18.39,7663.132137030995,38707,17700,9227,1780,28368,uhaul_cargo_van,1,C_donate_recycle D_small_paid
5x10,LOW disposal / rental van,15000,300000,225991,225991,187276,161466,122751,7.300158284071454,25.81,8755.947307245255,38707,17700,9227,1780,42552,uhaul_cargo_van,1,C_donate_recycle D_small_paid
5x10,LOW disposal / rental van,20000,25000,-13883,-13883,-22973,-29033,-38123,-0.398570280202113,6.06,-2290.924092409241,44607,23600,9227,1780,3551,uhaul_cargo_van,1,C_donate_recycle D_small_paid
5x10,LOW disposal / rental van,20000,50000,7426,7426,-4034,-11674,-23134,0.2122806014521754,7.64,971.9895287958116,44607,23600,9227,1780,7092,uhaul_cargo_van,1,C_donate_recycle D_small_paid
5x10,LOW disposal / rental van,20000,75000,28650,28650,14190,4550,-9910,0.8137586275456585,9.64,2971.991701244813,44607,23600,9227,1780,10643,uhaul_cargo_van,1,C_donate_recycle D_small_paid
5x10,LOW disposal / rental van,20000,100000,49959,49959,33114,21884,5039,1.4129875272223322,11.23,4448.708815672306,44607,23600,9227,1780,14184,uhaul_cargo_van,1,C_donate_recycle D_small_paid
5x10,LOW disposal / rental van,20000,150000,92492,92492,70277,55467,33252,2.5884921079144743,14.81,6245.239702903444,44607,23600,9227,1780,21276,uhaul_cargo_van,1,C_donate_recycle D_small_paid
5x10,LOW disposal / rental van,20000,200000,135025,135025,107440,89050,61465,3.739579582906362,18.39,7342.305600870038,44607,23600,9227,1780,28368,uhaul_cargo_van,1,C_donate_recycle D_small_paid
5x10,LOW disposal / rental van,20000,300000,220091,220091,181376,155566,116851,5.9714843855983935,25.81,8527.353738860907,44607,23600,9227,1780,42552,uhaul_cargo_van,1,C_donate_recycle D_small_paid
5x10,LOW disposal / rental van,30000,25000,-25683,-25683,-34773,-40833,-49923,-0.5507591353576943,6.06,-4238.118811881189,56407,35400,9227,1780,3551,uhaul_cargo_van,1,C_donate_recycle D_small_paid
5x10,LOW disposal / rental van,30000,50000,-4374,-4374,-15834,-23474,-34934,-0.09349749903809157,7.64,-572.5130890052357,56407,35400,9227,1780,7092,uhaul_cargo_van,1,C_donate_recycle D_small_paid
5x10,LOW disposal / rental van,30000,75000,16850,16850,2390,-7250,-21710,0.3584572510477163,9.64,1747.9253112033193,56407,35400,9227,1780,10643,uhaul_cargo_van,1,C_donate_recycle D_small_paid
5x10,LOW disposal / rental van,30000,100000,38159,38159,21314,10084,-6761,0.8091905761604852,11.23,3397.951914514693,56407,35400,9227,1780,14184,uhaul_cargo_van,1,C_donate_recycle D_small_paid
5x10,LOW disposal / rental van,30000,150000,80692,80692,58477,43667,21452,1.6976352772868804,14.81,5448.48075624578,56407,35400,9227,1780,21276,uhaul_cargo_van,1,C_donate_recycle D_small_paid
5x10,LOW disposal / rental van,30000,200000,123225,123225,95640,77250,49665,2.5721710814703487,18.39,6700.652528548124,56407,35400,9227,1780,28368,uhaul_cargo_van,1,C_donate_recycle D_small_paid
5x10,LOW disposal / rental van,30000,300000,208291,208291,169576,143766,105051,4.280802351151941,25.81,8070.166602092213,56407,35400,9227,1780,42552,uhaul_cargo_van,1,C_donate_recycle D_small_paid
5x10,LOW disposal / rental van,50000,25000,-49283,-49283,-58373,-64433,-73523,-0.7017171659642328,6.06,-8132.508250825083,80007,59000,9227,1780,3551,uhaul_cargo_van,1,C_donate_recycle D_small_paid
5x10,LOW disposal / rental van,50000,50000,-27974,-27974,-39434,-47074,-58534,-0.3974595777329431,7.64,-3661.51832460733,80007,59000,9227,1780,7092,uhaul_cargo_van,1,C_donate_recycle D_small_paid
5x10,LOW disposal / rental van,50000,75000,-6750,-6750,-21210,-30850,-45310,-0.0955995864432705,9.64,-700.207468879668,80007,59000,9227,1780,10643,uhaul_cargo_van,1,C_donate_recycle D_small_paid
5x10,LOW disposal / rental van,50000,100000,14559,14559,-2286,-13516,-30361,0.20576056079257177,11.23,1296.4381121994656,80007,59000,9227,1780,14184,uhaul_cargo_van,1,C_donate_recycle D_small_paid
5x10,LOW disposal / rental van,50000,150000,57092,57092,34877,20067,-2148,0.8026204802339313,14.81,3854.962862930452,80007,59000,9227,1780,21276,uhaul_cargo_van,1,C_donate_recycle D_small_paid
5x10,LOW disposal / rental van,50000,200000,99625,99625,72040,53650,26065,1.3932202441718993,18.39,5417.346383904296,80007,59000,9227,1780,28368,uhaul_cargo_van,1,C_donate_recycle D_small_paid
5x10,LOW disposal / rental van,50000,300000,184691,184691,145976,120166,81451,2.556029173644076,25.81,7155.792328554824,80007,59000,9227,1780,42552,uhaul_cargo_van,1,C_donate_recycle D_small_paid
5x10,MEDIUM disposal / borrowed vehicle,0,25000,-1176,-1176,-16746,-27126,-42696,-0.053152542372881355,10.38,-113.29479768786126,31900,0,3420,18480,3551,friend_suv,4,C_donate_recycle E_dump_run F_special_items
5x10,MEDIUM disposal / borrowed vehicle,0,50000,20133,20133,2193,-9767,-27707,0.9038383838383839,11.96,1683.3612040133778,31900,0,3420,18480,7092,friend_suv,4,C_donate_recycle E_dump_run F_special_items
5x10,MEDIUM disposal / borrowed vehicle,0,75000,41357,41357,20417,6457,-14483,1.8380888888888889,13.96,2962.535816618911,31900,0,3420,18480,10643,friend_suv,4,C_donate_recycle E_dump_run F_special_items
5x10,MEDIUM disposal / borrowed vehicle,0,100000,62666,62666,39341,23791,466,2.766710816777042,15.55,4029.9678456591637,31900,0,3420,18480,14184,friend_suv,4,C_donate_recycle E_dump_run F_special_items
5x10,MEDIUM disposal / borrowed vehicle,0,150000,105199,105199,76504,57374,28679,4.568903365906623,19.13,5499.1636173549405,31900,0,3420,18480,21276,friend_suv,4,C_donate_recycle E_dump_run F_special_items
5x10,MEDIUM disposal / borrowed vehicle,0,200000,147732,147732,113667,90957,56892,6.3133333333333335,22.71,6505.151915455746,31900,0,3420,18480,28368,friend_suv,4,C_donate_recycle E_dump_run F_special_items
5x10,MEDIUM disposal / borrowed vehicle,0,300000,232798,232798,187603,157473,112278,9.639668737060042,30.13,7726.452041154996,31900,0,3420,18480,42552,friend_suv,4,C_donate_recycle E_dump_run F_special_items
5x10,MEDIUM disposal / borrowed vehicle,5000,25000,-7176,-7176,-22746,-33126,-48696,-0.2551466666666667,10.38,-691.3294797687861,37900,6000,3420,18480,3551,friend_suv,4,C_donate_recycle E_dump_run F_special_items
5x10,MEDIUM disposal / borrowed vehicle,5000,50000,14133,14133,-3807,-15767,-33707,0.49984084880636603,11.96,1181.6889632107022,37900,6000,3420,18480,7092,friend_suv,4,C_donate_recycle E_dump_run F_special_items
5x10,MEDIUM disposal / borrowed vehicle,5000,75000,35357,35357,14417,457,-20483,1.2405964912280703,13.96,2532.7363896848137,37900,6000,3420,18480,10643,friend_suv,4,C_donate_recycle E_dump_run F_special_items
5x10,MEDIUM disposal / borrowed vehicle,5000,100000,56666,56666,33341,17791,-5534,1.9778708551483422,15.55,3644.1157556270095,37900,6000,3420,18480,14184,friend_suv,4,C_donate_recycle E_dump_run F_special_items
5x10,MEDIUM disposal / borrowed vehicle,5000,150000,99199,99199,70504,51374,22679,3.41770887166236,19.13,5185.520125457397,37900,6000,3420,18480,21276,friend_suv,4,C_donate_recycle E_dump_run F_special_items
5x10,MEDIUM disposal / borrowed vehicle,5000,200000,141732,141732,107667,84957,50892,4.820816326530612,22.71,6240.951122853368,37900,6000,3420,18480,28368,friend_suv,4,C_donate_recycle E_dump_run F_special_items
5x10,MEDIUM disposal / borrowed vehicle,5000,300000,226798,226798,181603,151473,106278,7.522321724709784,30.13,7527.314968469964,37900,6000,3420,18480,42552,friend_suv,4,C_donate_recycle E_dump_run F_special_items
5x10,MEDIUM disposal / borrowed vehicle,10000,25000,-12976,-12976,-28546,-38926,-54496,-0.38249078850405305,10.38,-1250.09633911368,43700,11800,3420,18480,3551,friend_suv,4,C_donate_recycle E_dump_run F_special_items
5x10,MEDIUM disposal / borrowed vehicle,10000,50000,8333,8333,-9607,-21567,-39507,0.2445487894350697,11.96,696.7391304347825,43700,11800,3420,18480,7092,friend_suv,4,C_donate_recycle E_dump_run F_special_items
5x10,MEDIUM disposal / borrowed vehicle,10000,75000,29557,29557,8617,-5343,-26283,0.8617201166180758,13.96,2117.2636103151863,43700,11800,3420,18480,10643,friend_suv,4,C_donate_recycle E_dump_run F_special_items
5x10,MEDIUM disposal / borrowed vehicle,10000,100000,50866,50866,27541,11991,-11334,1.4765166908563134,15.55,3271.12540192926,43700,11800,3420,18480,14184,friend_suv,4,C_donate_recycle E_dump_run F_special_items
5x10,MEDIUM disposal / borrowed vehicle,10000,150000,93399,93399,64704,45574,16879,2.6819526202440773,19.13,4882.331416623106,43700,11800,3420,18480,21276,friend_suv,4,C_donate_recycle E_dump_run F_special_items
5x10,MEDIUM disposal / borrowed vehicle,10000,200000,135932,135932,101867,79157,45092,3.8617045454545456,22.71,5985.557023337737,43700,11800,3420,18480,28368,friend_suv,4,C_donate_recycle E_dump_run F_special_items
5x10,MEDIUM disposal / borrowed vehicle,10000,300000,220998,220998,175803,145673,100478,6.147371349095967,30.13,7334.815798207766,43700,11800,3420,18480,42552,friend_suv,4,C_donate_recycle E_dump_run F_special_items
5x10,MEDIUM disposal / borrowed vehicle,15000,25000,-18876,-18876,-34446,-44826,-60396,-0.47397363465160075,10.38,-1818.4971098265894,49600,17700,3420,18480,3551,friend_suv,4,C_donate_recycle E_dump_run F_special_items
5x10,MEDIUM disposal / borrowed vehicle,15000,50000,2433,2433,-15507,-27467,-45407,0.060863039399624765,11.96,203.42809364548492,49600,17700,3420,18480,7092,friend_suv,4,C_donate_recycle E_dump_run F_special_items
5x10,MEDIUM disposal / borrowed vehicle,15000,75000,23657,23657,2717,-11243,-32183,0.5884825870646766,13.96,1694.6275071633236,49600,17700,3420,18480,10643,friend_suv,4,C_donate_recycle E_dump_run F_special_items
5x10,MEDIUM disposal / borrowed vehicle,15000,100000,44966,44966,21641,6091,-17234,1.1143990086741016,15.55,2891.7041800643087,49600,17700,3420,18480,14184,friend_suv,4,C_donate_recycle E_dump_run F_special_items
5x10,MEDIUM disposal / borrowed vehicle,15000,150000,87499,87499,58804,39674,10979,2.1485328422345,19.13,4573.915316257188,49600,17700,3420,18480,21276,friend_suv,4,C_donate_recycle E_dump_run F_special_items
5x10,MEDIUM disposal / borrowed vehicle,15000,200000,130032,130032,95967,73257,39192,3.163795620437956,22.71,5725.759577278732,49600,17700,3420,18480,28368,friend_suv,4,C_donate_recycle E_dump_run F_special_items
5x10,MEDIUM disposal / borrowed vehicle,15000,300000,215098,215098,169903,139773,94578,5.13973715651135,30.13,7138.997676734152,49600,17700,3420,18480,42552,friend_suv,4,C_donate_recycle E_dump_run F_special_items
5x10,MEDIUM disposal / borrowed vehicle,20000,25000,-24776,-24776,-40346,-50726,-66296,-0.5418480043739748,10.38,-2386.897880539499,55500,23600,3420,18480,3551,friend_suv,4,C_donate_recycle E_dump_run F_special_items
5x10,MEDIUM disposal / borrowed vehicle,20000,50000,-3467,-3467,-21407,-33367,-51307,-0.075574931880109,11.96,-289.88294314381267,55500,23600,3420,18480,7092,friend_suv,4,C_donate_recycle E_dump_run F_special_items
5x10,MEDIUM disposal / borrowed vehicle,20000,75000,17757,17757,-3183,-17143,-38083,0.38518438177874187,13.96,1271.9914040114613,55500,23600,3420,18480,10643,friend_suv,4,C_donate_recycle E_dump_run F_special_items
5x10,MEDIUM disposal / borrowed vehicle,20000,100000,39066,39066,15741,191,-23134,0.8446702702702703,15.55,2512.282958199357,55500,23600,3420,18480,14184,friend_suv,4,C_donate_recycle E_dump_run F_special_items
5x10,MEDIUM disposal / borrowed vehicle,20000,150000,81599,81599,52904,33774,5079,1.750112600536193,19.13,4265.49921589127,55500,23600,3420,18480,21276,friend_suv,4,C_donate_recycle E_dump_run F_special_items
5x10,MEDIUM disposal / borrowed vehicle,20000,200000,124132,124132,90067,67357,33292,2.6411063829787236,22.71,5465.962131219727,55500,23600,3420,18480,28368,friend_suv,4,C_donate_recycle E_dump_run F_special_items
5x10,MEDIUM disposal / borrowed vehicle,20000,300000,209198,209198,164003,133873,88678,4.381109947643979,30.13,6943.179555260538,55500,23600,3420,18480,42552,friend_suv,4,C_donate_recycle E_dump_run F_special_items
5x10,MEDIUM disposal / borrowed vehicle,30000,25000,-36576,-36576,-52146,-62526,-78096,-0.6358279009126466,10.38,-3523.6994219653175,67300,35400,3420,18480,3551,friend_suv,4,C_donate_recycle E_dump_run F_special_items
5x10,MEDIUM disposal / borrowed vehicle,30000,50000,-15267,-15267,-33207,-45167,-63107,-0.2647074122236671,11.96,-1276.5050167224078,67300,35400,3420,18480,7092,friend_suv,4,C_donate_recycle E_dump_run F_special_items
5x10,MEDIUM disposal / borrowed vehicle,30000,75000,5957,5957,-14983,-28943,-49883,0.10288428324697754,13.96,426.7191977077364,67300,35400,3420,18480,10643,friend_suv,4,C_donate_recycle E_dump_run F_special_items
5x10,MEDIUM disposal / borrowed vehicle,30000,100000,27266,27266,3941,-11609,-34934,0.4696985357450474,15.55,1753.4405144694533,67300,35400,3420,18480,14184,friend_suv,4,C_donate_recycle E_dump_run F_special_items
5x10,MEDIUM disposal / borrowed vehicle,30000,150000,69799,69799,41104,21974,-6721,1.1946769362430467,19.13,3648.667015159436,67300,35400,3420,18480,21276,friend_suv,4,C_donate_recycle E_dump_run F_special_items
5x10,MEDIUM disposal / borrowed vehicle,30000,200000,112332,112332,78267,55557,21492,1.910408163265306,22.71,4946.367239101717,67300,35400,3420,18480,28368,friend_suv,4,C_donate_recycle E_dump_run F_special_items
5x10,MEDIUM disposal / borrowed vehicle,30000,300000,197398,197398,152203,122073,76878,3.3148278757346765,30.13,6551.543312313309,67300,35400,3420,18480,42552,friend_suv,4,C_donate_recycle E_dump_run F_special_items
5x10,MEDIUM disposal / borrowed vehicle,50000,25000,-60176,-60176,-75746,-86126,-101696,-0.741768875192604,10.38,-5797.302504816956,90900,59000,3420,18480,3551,friend_suv,4,C_donate_recycle E_dump_run F_special_items
5x10,MEDIUM disposal / borrowed vehicle,50000,50000,-38867,-38867,-56807,-68767,-86707,-0.47821593355890496,11.96,-3249.7491638795987,90900,59000,3420,18480,7092,friend_suv,4,C_donate_recycle E_dump_run F_special_items
5x10,MEDIUM disposal / borrowed vehicle,50000,75000,-17643,-17643,-38583,-52543,-73483,-0.21647852760736197,13.96,-1263.8252148997135,90900,59000,3420,18480,10643,friend_suv,4,C_donate_recycle E_dump_run F_special_items
5x10,MEDIUM disposal / borrowed vehicle,50000,100000,3666,3666,-19659,-35209,-58534,0.044898958971218615,15.55,235.7556270096463,90900,59000,3420,18480,14184,friend_suv,4,C_donate_recycle E_dump_run F_special_items
5x10,MEDIUM disposal / borrowed vehicle,50000,150000,46199,46199,17504,-1626,-30321,0.5632307223407498,19.13,2415.002613695766,90900,59000,3420,18480,21276,friend_suv,4,C_donate_recycle E_dump_run F_special_items
5x10,MEDIUM disposal / borrowed vehicle,50000,200000,88732,88732,54667,31957,-2108,1.0768446601941748,22.71,3907.1774548656977,90900,59000,3420,18480,28368,friend_suv,4,C_donate_recycle E_dump_run F_special_items
5x10,MEDIUM disposal / borrowed vehicle,50000,300000,173798,173798,128603,98473,53278,2.0901743836440168,30.13,5768.270826418852,90900,59000,3420,18480,42552,friend_suv,4,C_donate_recycle E_dump_run F_special_items
5x10,MEDIUM disposal / rental vehicle,0,25000,-6583,-6583,-18403,-26283,-38103,-0.2391035885515037,7.88,-835.4060913705584,37307,0,11407,15900,3551,uhaul_cargo_van,2,C_donate_recycle E_dump_run F_special_items
5x10,MEDIUM disposal / rental vehicle,0,50000,14726,14726,536,-8924,-23114,0.5319702333646413,9.46,1556.659619450317,37307,0,11407,15900,7092,uhaul_cargo_van,2,C_donate_recycle E_dump_run F_special_items
5x10,MEDIUM disposal / rental vehicle,0,75000,35950,35950,18760,7300,-9890,1.2882072598272836,11.46,3136.998254799302,37307,0,11407,15900,10643,uhaul_cargo_van,2,C_donate_recycle E_dump_run F_special_items
5x10,MEDIUM disposal / rental vehicle,0,100000,57259,57259,37684,24634,5059,2.04080978009053,13.05,4387.662835249042,37307,0,11407,15900,14184,uhaul_cargo_van,2,C_donate_recycle E_dump_run F_special_items
5x10,MEDIUM disposal / rental vehicle,0,150000,99792,99792,74847,58217,33272,3.509848058525605,16.63,6000.721587492484,37307,0,11407,15900,21276,uhaul_cargo_van,2,C_donate_recycle E_dump_run F_special_items
5x10,MEDIUM disposal / rental vehicle,0,200000,142325,142325,112010,91800,61485,4.9406394279168255,20.21,7042.30578921326,37307,0,11407,15900,28368,uhaul_cargo_van,2,C_donate_recycle E_dump_run F_special_items
5x10,MEDIUM disposal / rental vehicle,0,300000,227391,227391,185946,158316,116871,7.69330446256386,27.63,8229.85884907709,37307,0,11407,15900,42552,uhaul_cargo_van,2,C_donate_recycle E_dump_run F_special_items
5x10,MEDIUM disposal / rental vehicle,5000,25000,-12583,-12583,-24403,-32283,-44103,-0.3752534892043421,7.88,-1596.8274111675128,43307,6000,11407,15900,3551,uhaul_cargo_van,2,C_donate_recycle E_dump_run F_special_items
5x10,MEDIUM disposal / rental vehicle,5000,50000,8726,8726,-5464,-14924,-29114,0.2590701264770501,9.46,922.4101479915432,43307,6000,11407,15900,7092,uhaul_cargo_van,2,C_donate_recycle E_dump_run F_special_items
5x10,MEDIUM disposal / rental vehicle,5000,75000,29950,29950,12760,1300,-15890,0.8832984339516914,11.46,2613.438045375218,43307,6000,11407,15900,10643,uhaul_cargo_van,2,C_donate_recycle E_dump_run F_special_items
5x10,MEDIUM disposal / rental vehicle,5000,100000,51259,51259,31684,18634,-941,1.5050944005637608,13.05,3927.892720306513,43307,6000,11407,15900,14184,uhaul_cargo_van,2,C_donate_recycle E_dump_run F_special_items
5x10,MEDIUM disposal / rental vehicle,5000,150000,93792,93792,68847,52217,27272,2.723977695167286,16.63,5639.927841250752,43307,6000,11407,15900,21276,uhaul_cargo_van,2,C_donate_recycle E_dump_run F_special_items
5x10,MEDIUM disposal / rental vehicle,5000,200000,136325,136325,106010,85800,55485,3.916597236188123,20.21,6745.423057892132,43307,6000,11407,15900,28368,uhaul_cargo_van,2,C_donate_recycle E_dump_run F_special_items
5x10,MEDIUM disposal / rental vehicle,5000,300000,221391,221391,179946,152316,110871,6.226368928762269,27.63,8012.70358306189,43307,6000,11407,15900,42552,uhaul_cargo_van,2,C_donate_recycle E_dump_run F_special_items
5x10,MEDIUM disposal / rental vehicle,10000,25000,-18383,-18383,-30203,-38083,-49903,-0.46738025017797213,7.88,-2332.8680203045687,49107,11800,11407,15900,3551,uhaul_cargo_van,2,C_donate_recycle E_dump_run F_special_items
5x10,MEDIUM disposal / rental vehicle,10000,50000,2926,2926,-11264,-20724,-34914,0.0741097208854668,9.46,309.30232558139534,49107,11800,11407,15900,7092,uhaul_cargo_van,2,C_donate_recycle E_dump_run F_special_items
5x10,MEDIUM disposal / rental vehicle,10000,75000,24150,24150,6960,-4500,-21690,0.6082051023748961,11.46,2107.329842931937,49107,11800,11407,15900,10643,uhaul_cargo_van,2,C_donate_recycle E_dump_run F_special_items
5x10,MEDIUM disposal / rental vehicle,10000,100000,45459,45459,25884,12834,-6741,1.140552475098477,13.05,3483.448275862069,49107,11800,11407,15900,14184,uhaul_cargo_van,2,C_donate_recycle E_dump_run F_special_items
5x10,MEDIUM disposal / rental vehicle,10000,150000,87992,87992,63047,46417,21472,2.1871147345396698,16.63,5291.160553217078,49107,11800,11407,15900,21276,uhaul_cargo_van,2,C_donate_recycle E_dump_run F_special_items
5x10,MEDIUM disposal / rental vehicle,10000,200000,130525,130525,100210,80000,49685,3.214347280025611,20.21,6458.436417615042,49107,11800,11407,15900,28368,uhaul_cargo_van,2,C_donate_recycle E_dump_run F_special_items
5x10,MEDIUM disposal / rental vehicle,10000,300000,215591,215591,174146,146516,105071,5.212926469521483,27.63,7802.786825913862,49107,11800,11407,15900,42552,uhaul_cargo_van,2,C_donate_recycle E_dump_run F_special_items
5x10,MEDIUM disposal / rental vehicle,15000,25000,-24283,-24283,-36103,-43983,-55803,-0.5368544393349841,7.88,-3081.5989847715737,55007,17700,11407,15900,3551,uhaul_cargo_van,2,C_donate_recycle E_dump_run F_special_items
5x10,MEDIUM disposal / rental vehicle,15000,50000,-2974,-2974,-17164,-26624,-40814,-0.06553259001366181,9.46,-314.3763213530655,55007,17700,11407,15900,7092,uhaul_cargo_van,2,C_donate_recycle E_dump_run F_special_items
5x10,MEDIUM disposal / rental vehicle,15000,75000,18250,18250,1060,-10400,-27590,0.40015787050233514,11.46,1592.4956369982547,55007,17700,11407,15900,10643,uhaul_cargo_van,2,C_donate_recycle E_dump_run F_special_items
5x10,MEDIUM disposal / rental vehicle,15000,100000,39559,39559,19984,6934,-12641,0.8645453154708569,13.05,3031.340996168582,55007,17700,11407,15900,14184,uhaul_cargo_van,2,C_donate_recycle E_dump_run F_special_items
5x10,MEDIUM disposal / rental vehicle,15000,150000,82092,82092,57147,40517,15572,1.7795022977542703,16.63,4936.380036079375,55007,17700,11407,15900,21276,uhaul_cargo_van,2,C_donate_recycle E_dump_run F_special_items
5x10,MEDIUM disposal / rental vehicle,15000,200000,124625,124625,94310,74100,43785,2.679704130560991,20.21,6166.5017318159325,55007,17700,11407,15900,28368,uhaul_cargo_van,2,C_donate_recycle E_dump_run F_special_items
5x10,MEDIUM disposal / rental vehicle,15000,300000,209691,209691,168246,140616,99171,4.437247391920773,27.63,7589.2508143322475,55007,17700,11407,15900,42552,uhaul_cargo_van,2,C_donate_recycle E_dump_run F_special_items
5x10,MEDIUM disposal / rental vehicle,20000,25000,-30183,-30183,-42003,-49883,-61703,-0.5902957052335133,7.88,-3830.3299492385786,60907,23600,11407,15900,3551,uhaul_cargo_van,2,C_donate_recycle E_dump_run F_special_items
5x10,MEDIUM disposal / rental vehicle,20000,50000,-8874,-8874,-23064,-32524,-46714,-0.17304317304317304,9.46,-938.0549682875263,60907,23600,11407,15900,7092,uhaul_cargo_van,2,C_donate_recycle E_dump_run F_special_items
5x10,MEDIUM disposal / rental vehicle,20000,75000,12350,12350,-4840,-16300,-33490,0.2397732347059623,11.46,1077.6614310645723,60907,23600,11407,15900,10643,uhaul_cargo_van,2,C_donate_recycle E_dump_run F_special_items
5x10,MEDIUM disposal / rental vehicle,20000,100000,33659,33659,14084,1034,-18541,0.6515864258474167,13.05,2579.2337164750957,60907,23600,11407,15900,14184,uhaul_cargo_van,2,C_donate_recycle E_dump_run F_special_items
5x10,MEDIUM disposal / rental vehicle,20000,150000,76192,76192,51247,34617,9672,1.464329643296433,16.63,4581.599518941672,60907,23600,11407,15900,21276,uhaul_cargo_van,2,C_donate_recycle E_dump_run F_special_items
5x10,MEDIUM disposal / rental vehicle,20000,200000,118725,118725,88410,68200,37885,2.2654416394756427,20.21,5874.567046016823,60907,23600,11407,15900,28368,uhaul_cargo_van,2,C_donate_recycle E_dump_run F_special_items
5x10,MEDIUM disposal / rental vehicle,20000,300000,203791,203791,162346,134716,93271,3.8337566077844873,27.63,7375.714802750634,60907,23600,11407,15900,42552,uhaul_cargo_van,2,C_donate_recycle E_dump_run F_special_items
5x10,MEDIUM disposal / rental vehicle,30000,25000,-41983,-41983,-53803,-61683,-73503,-0.6671168880696625,7.88,-5327.791878172589,72707,35400,11407,15900,3551,uhaul_cargo_van,2,C_donate_recycle E_dump_run F_special_items
5x10,MEDIUM disposal / rental vehicle,30000,50000,-20674,-20674,-34864,-44324,-58514,-0.3277321581433689,9.46,-2185.412262156448,72707,35400,11407,15900,7092,uhaul_cargo_van,2,C_donate_recycle E_dump_run F_special_items
5x10,MEDIUM disposal / rental vehicle,30000,75000,550,550,-16640,-28100,-45290,0.0086878228315984,11.46,47.99301919720767,72707,35400,11407,15900,10643,uhaul_cargo_van,2,C_donate_recycle E_dump_run F_special_items
5x10,MEDIUM disposal / rental vehicle,30000,100000,21859,21859,2284,-10766,-30341,0.34446948327213706,13.05,1675.0191570881225,72707,35400,11407,15900,14184,uhaul_cargo_van,2,C_donate_recycle E_dump_run F_special_items
5x10,MEDIUM disposal / rental vehicle,30000,150000,64392,64392,39447,22817,-2128,1.0087730292016543,16.63,3872.038484666266,72707,35400,11407,15900,21276,uhaul_cargo_van,2,C_donate_recycle E_dump_run F_special_items
5x10,MEDIUM disposal / rental vehicle,30000,200000,106925,106925,76610,56400,26085,1.6653168657623,20.21,5290.697674418604,72707,35400,11407,15900,28368,uhaul_cargo_van,2,C_donate_recycle E_dump_run F_special_items
5x10,MEDIUM disposal / rental vehicle,30000,300000,191991,191991,150546,122916,81471,2.955662977046354,27.63,6948.642779587405,72707,35400,11407,15900,42552,uhaul_cargo_van,2,C_donate_recycle E_dump_run F_special_items
5x10,MEDIUM disposal / rental vehicle,50000,25000,-65583,-65583,-77403,-85283,-97103,-0.7579045902094023,7.88,-8322.715736040609,96307,59000,11407,15900,3551,uhaul_cargo_van,2,C_donate_recycle E_dump_run F_special_items
5x10,MEDIUM disposal / rental vehicle,50000,50000,-44274,-44274,-58464,-67924,-82114,-0.5107634803073302,9.46,-4680.126849894291,96307,59000,11407,15900,7092,uhaul_cargo_van,2,C_donate_recycle E_dump_run F_special_items
5x10,MEDIUM disposal / rental vehicle,50000,75000,-23050,-23050,-40240,-51700,-68890,-0.2652260462333299,11.46,-2011.3438045375217,96307,59000,11407,15900,10643,uhaul_cargo_van,2,C_donate_recycle E_dump_run F_special_items
5x10,MEDIUM disposal / rental vehicle,50000,100000,-1741,-1741,-21316,-34366,-53941,-0.019998391858207842,13.05,-133.40996168582376,96307,59000,11407,15900,14184,uhaul_cargo_van,2,C_donate_recycle E_dump_run F_special_items
5x10,MEDIUM disposal / rental vehicle,50000,150000,40792,40792,15847,-783,-25728,0.46655686705096533,16.63,2452.916416115454,96307,59000,11407,15900,21276,uhaul_cargo_van,2,C_donate_recycle E_dump_run F_special_items
5x10,MEDIUM disposal / rental vehicle,50000,200000,83325,83325,53010,32800,2485,0.948956233557689,20.21,4122.958931222167,96307,59000,11407,15900,28368,uhaul_cargo_van,2,C_donate_recycle E_dump_run F_special_items
5x10,MEDIUM disposal / rental vehicle,50000,300000,168391,168391,126946,99316,57871,1.901498469912034,27.63,6094.498733260948,96307,59000,11407,15900,42552,uhaul_cargo_van,2,C_donate_recycle E_dump_run F_special_items
5x10,HIGH disposal / rental vehicle,0,25000,-23698,-23698,-37018,-45898,-59218,-0.5307859430644836,8.88,-2668.6936936936936,54422,0,11407,33015,3551,uhaul_cargo_van,2,C_donate_recycle E_dump_run F_special_items
5x10,HIGH disposal / rental vehicle,0,50000,-2389,-2389,-18079,-28539,-44229,-0.05332946402660892,10.46,-228.39388145315485,54422,0,11407,33015,7092,uhaul_cargo_van,2,C_donate_recycle E_dump_run F_special_items
5x10,HIGH disposal / rental vehicle,0,75000,18835,18835,145,-12315,-31005,0.4183510283861223,12.46,1511.637239165329,54422,0,11407,33015,10643,uhaul_cargo_van,2,C_donate_recycle E_dump_run F_special_items
5x10,HIGH disposal / rental vehicle,0,100000,40144,40144,19069,5019,-16056,0.8886921101567342,14.05,2857.224199288256,54422,0,11407,33015,14184,uhaul_cargo_van,2,C_donate_recycle E_dump_run F_special_items
5x10,HIGH disposal / rental vehicle,0,150000,82677,82677,56232,38602,12157,1.8152018793773466,17.63,4689.563244469654,54422,0,11407,33015,21276,uhaul_cargo_van,2,C_donate_recycle E_dump_run F_special_items
5x10,HIGH disposal / rental vehicle,0,200000,125210,125210,93395,72185,40370,2.726579852793868,21.21,5903.347477604903,54422,0,11407,33015,28368,uhaul_cargo_van,2,C_donate_recycle E_dump_run F_special_items
5x10,HIGH disposal / rental vehicle,0,300000,210276,210276,167331,138701,95756,4.505399382927665,28.63,7344.603562696472,54422,0,11407,33015,42552,uhaul_cargo_van,2,C_donate_recycle E_dump_run F_special_items
5x10,HIGH disposal / rental vehicle,5000,25000,-29698,-29698,-43018,-51898,-65218,-0.5863723418958675,8.88,-3344.369369369369,60422,6000,11407,33015,3551,uhaul_cargo_van,2,C_donate_recycle E_dump_run F_special_items
5x10,HIGH disposal / rental vehicle,5000,50000,-8389,-8389,-24079,-34539,-50229,-0.16514754808354823,10.46,-802.0076481835563,60422,6000,11407,33015,7092,uhaul_cargo_van,2,C_donate_recycle E_dump_run F_special_items
5x10,HIGH disposal / rental vehicle,5000,75000,12835,12835,-5855,-18315,-37005,0.2515581513856768,12.46,1030.0963081861958,60422,6000,11407,33015,10643,uhaul_cargo_van,2,C_donate_recycle E_dump_run F_special_items
5x10,HIGH disposal / rental vehicle,5000,100000,34144,34144,13069,-981,-22056,0.6672398968185727,14.05,2430.17793594306,60422,6000,11407,33015,14184,uhaul_cargo_van,2,C_donate_recycle E_dump_run F_special_items
5x10,HIGH disposal / rental vehicle,5000,150000,76677,76677,50232,32602,6157,1.4875162473082817,17.63,4349.234259784458,60422,6000,11407,33015,21276,uhaul_cargo_van,2,C_donate_recycle E_dump_run F_special_items
5x10,HIGH disposal / rental vehicle,5000,200000,119210,119210,87395,66185,34370,2.295943915873811,21.21,5620.4620462046205,60422,6000,11407,33015,28368,uhaul_cargo_van,2,C_donate_recycle E_dump_run F_special_items
5x10,HIGH disposal / rental vehicle,5000,300000,204276,204276,161331,132701,89756,3.8782654921020656,28.63,7135.033181976947,60422,6000,11407,33015,42552,uhaul_cargo_van,2,C_donate_recycle E_dump_run F_special_items
5x10,HIGH disposal / rental vehicle,10000,25000,-35498,-35498,-48818,-57698,-71018,-0.6288731022020656,8.88,-3997.522522522522,66222,11800,11407,33015,3551,uhaul_cargo_van,2,C_donate_recycle E_dump_run F_special_items
5x10,HIGH disposal / rental vehicle,10000,50000,-14189,-14189,-29879,-40339,-56029,-0.2507023340459742,10.46,-1356.5009560229444,66222,11800,11407,33015,7092,uhaul_cargo_van,2,C_donate_recycle E_dump_run F_special_items
5x10,HIGH disposal / rental vehicle,10000,75000,7035,7035,-11655,-24115,-42805,0.12380768012389567,12.46,564.6067415730337,66222,11800,11407,33015,10643,uhaul_cargo_van,2,C_donate_recycle E_dump_run F_special_items
5x10,HIGH disposal / rental vehicle,10000,100000,28344,28344,7269,-6781,-27856,0.497507547567226,14.05,2017.3665480427046,66222,11800,11407,33015,14184,uhaul_cargo_van,2,C_donate_recycle E_dump_run F_special_items
5x10,HIGH disposal / rental vehicle,10000,150000,70877,70877,44432,26802,357,1.235932132456798,17.63,4020.2495745887695,66222,11800,11407,33015,21276,uhaul_cargo_van,2,C_donate_recycle E_dump_run F_special_items
5x10,HIGH disposal / rental vehicle,10000,200000,113410,113410,81595,60385,28570,1.9647621357541318,21.21,5347.006129184347,66222,11800,11407,33015,28368,uhaul_cargo_van,2,C_donate_recycle E_dump_run F_special_items
5x10,HIGH disposal / rental vehicle,10000,300000,198476,198476,155531,126901,83956,3.39437679573129,28.63,6932.44848061474,66222,11800,11407,33015,42552,uhaul_cargo_van,2,C_donate_recycle E_dump_run F_special_items
5x10,HIGH disposal / rental vehicle,15000,25000,-41398,-41398,-54718,-63598,-76918,-0.6639934559802396,8.88,-4661.936936936937,72122,17700,11407,33015,3551,uhaul_cargo_van,2,C_donate_recycle E_dump_run F_special_items
5x10,HIGH disposal / rental vehicle,15000,50000,-20089,-20089,-35779,-46239,-61929,-0.32143942909259643,10.46,-1920.5544933078393,72122,17700,11407,33015,7092,uhaul_cargo_van,2,C_donate_recycle E_dump_run F_special_items
5x10,HIGH disposal / rental vehicle,15000,75000,1135,1135,-17555,-30015,-48705,0.018095723988393226,12.46,91.09149277688603,72122,17700,11407,33015,10643,uhaul_cargo_van,2,C_donate_recycle E_dump_run F_special_items
5x10,HIGH disposal / rental vehicle,15000,100000,22444,22444,1369,-12681,-33756,0.3569792594477669,14.05,1597.4377224199288,72122,17700,11407,33015,14184,uhaul_cargo_van,2,C_donate_recycle E_dump_run F_special_items
5x10,HIGH disposal / rental vehicle,15000,150000,64977,64977,38532,20902,-5543,1.027353076035227,17.63,3685.592739648327,72122,17700,11407,33015,21276,uhaul_cargo_van,2,C_donate_recycle E_dump_run F_special_items
5x10,HIGH disposal / rental vehicle,15000,200000,107510,107510,75695,54485,22670,1.689824274621986,21.21,5068.835454974069,72122,17700,11407,33015,28368,uhaul_cargo_van,2,C_donate_recycle E_dump_run F_special_items
5x10,HIGH disposal / rental vehicle,15000,300000,192576,192576,149631,121001,78056,2.991611259553843,28.63,6726.370939573874,72122,17700,11407,33015,42552,uhaul_cargo_van,2,C_donate_recycle E_dump_run F_special_items
5x10,HIGH disposal / rental vehicle,20000,25000,-47298,-47298,-60618,-69498,-82818,-0.6930414523715328,8.88,-5326.351351351351,78022,23600,11407,33015,3551,uhaul_cargo_van,2,C_donate_recycle E_dump_run F_special_items
5x10,HIGH disposal / rental vehicle,20000,50000,-25989,-25989,-41679,-52139,-67829,-0.37997280582481685,10.46,-2484.608030592734,78022,23600,11407,33015,7092,uhaul_cargo_van,2,C_donate_recycle E_dump_run F_special_items
5x10,HIGH disposal / rental vehicle,20000,75000,-4765,-4765,-23455,-35915,-54605,-0.06943837253358981,12.46,-382.4237560192616,78022,23600,11407,33015,10643,uhaul_cargo_van,2,C_donate_recycle E_dump_run F_special_items
5x10,HIGH disposal / rental vehicle,20000,100000,16544,16544,-4531,-18581,-39656,0.24056301983365322,14.05,1177.508896797153,78022,23600,11407,33015,14184,uhaul_cargo_van,2,C_donate_recycle E_dump_run F_special_items
5x10,HIGH disposal / rental vehicle,20000,150000,59077,59077,32632,15002,-11443,0.8543682300027478,17.63,3350.9359047078847,78022,23600,11407,33015,21276,uhaul_cargo_van,2,C_donate_recycle E_dump_run F_special_items
5x10,HIGH disposal / rental vehicle,20000,200000,101610,101610,69795,48585,16770,1.461551739017865,21.21,4790.66478076379,78022,23600,11407,33015,28368,uhaul_cargo_van,2,C_donate_recycle E_dump_run F_special_items
5x10,HIGH disposal / rental vehicle,20000,300000,186676,186676,143731,115101,72156,2.6564776867030964,28.63,6520.293398533007,78022,23600,11407,33015,42552,uhaul_cargo_van,2,C_donate_recycle E_dump_run F_special_items
5x10,HIGH disposal / rental vehicle,30000,25000,-59098,-59098,-72418,-81298,-94618,-0.7382912538883406,8.88,-6655.180180180179,89822,35400,11407,33015,3551,uhaul_cargo_van,2,C_donate_recycle E_dump_run F_special_items
5x10,HIGH disposal / rental vehicle,30000,50000,-37789,-37789,-53479,-63939,-79629,-0.4712021646695014,10.46,-3612.7151051625237,89822,35400,11407,33015,7092,uhaul_cargo_van,2,C_donate_recycle E_dump_run F_special_items
5x10,HIGH disposal / rental vehicle,30000,75000,-16565,-16565,-35255,-47715,-66405,-0.2059759767227873,12.46,-1329.4542536115569,89822,35400,11407,33015,10643,uhaul_cargo_van,2,C_donate_recycle E_dump_run F_special_items
5x10,HIGH disposal / rental vehicle,30000,100000,4744,4744,-16331,-30381,-51456,0.058879015042446504,14.05,337.6512455516014,89822,35400,11407,33015,14184,uhaul_cargo_van,2,C_donate_recycle E_dump_run F_special_items
5x10,HIGH disposal / rental vehicle,30000,150000,47277,47277,20832,3202,-23243,0.5840488220687611,17.63,2681.6222348269994,89822,35400,11407,33015,21276,uhaul_cargo_van,2,C_donate_recycle E_dump_run F_special_items
5x10,HIGH disposal / rental vehicle,30000,200000,89810,89810,57995,36785,4970,1.104375199822926,21.21,4234.323432343234,89822,35400,11407,33015,28368,uhaul_cargo_van,2,C_donate_recycle E_dump_run F_special_items
5x10,HIGH disposal / rental vehicle,30000,300000,174876,174876,131931,103301,60356,2.130763232283848,28.63,6108.138316451275,89822,35400,11407,33015,42552,uhaul_cargo_van,2,C_donate_recycle E_dump_run F_special_items
5x10,HIGH disposal / rental vehicle,50000,25000,-82698,-82698,-96018,-104898,-118218,-0.797881270080176,8.88,-9312.837837837837,113422,59000,11407,33015,3551,uhaul_cargo_van,2,C_donate_recycle E_dump_run F_special_items
5x10,HIGH disposal / rental vehicle,50000,50000,-61389,-61389,-77079,-87539,-103229,-0.5914332784184514,10.46,-5868.929254302103,113422,59000,11407,33015,7092,uhaul_cargo_van,2,C_donate_recycle E_dump_run F_special_items
5x10,HIGH disposal / rental vehicle,50000,75000,-40165,-40165,-58855,-71315,-90005,-0.38612024379458193,12.46,-3223.5152487961473,113422,59000,11407,33015,10643,uhaul_cargo_van,2,C_donate_recycle E_dump_run F_special_items
5x10,HIGH disposal / rental vehicle,50000,100000,-18856,-18856,-39931,-53981,-75056,-0.18100833237338249,14.05,-1342.0640569395018,113422,59000,11407,33015,14184,uhaul_cargo_van,2,C_donate_recycle E_dump_run F_special_items
5x10,HIGH disposal / rental vehicle,50000,150000,23677,23677,-2768,-20398,-46843,0.22647230432245785,17.63,1342.9948950652297,113422,59000,11407,33015,21276,uhaul_cargo_van,2,C_donate_recycle E_dump_run F_special_items
5x10,HIGH disposal / rental vehicle,50000,200000,66210,66210,34395,13185,-18630,0.6310402012923886,21.21,3121.6407355021215,113422,59000,11407,33015,28368,uhaul_cargo_van,2,C_donate_recycle E_dump_run F_special_items
5x10,HIGH disposal / rental vehicle,50000,300000,151276,151276,108331,79701,36756,1.431561813914755,28.63,5283.828152287811,113422,59000,11407,33015,42552,uhaul_cargo_van,2,C_donate_recycle E_dump_run F_special_items
