size,scenario,bid_cents,gross_cents,cash_profit_cents,economic_profit_at_0_cents,economic_profit_at_15_cents,economic_profit_at_25_cents,economic_profit_at_40_cents,cash_roi,labor_hours,cash_profit_per_hour_cents,cash_required_cents,acquisition_cents,transport_cents,disposal_cents,selling_and_tax_cents,vehicle,trips,pathways
5x5,LOW disposal / borrowed SUV,0,25000,18334,18334,6874,-766,-12226,7.0651252408477845,7.64,2399.7382198952882,12220,0,2220,0,3571,friend_suv,2,C_donate_recycle A_negligible
5x5,LOW disposal / borrowed SUV,0,50000,39388,39388,22543,11313,-5532,13.261952861952862,11.23,3507.3909171861087,12220,0,2220,0,7142,friend_suv,2,C_donate_recycle A_negligible
5x5,LOW disposal / borrowed SUV,0,75000,60442,60442,38227,23417,1202,18.069357249626307,14.81,4081.1613774476705,12220,0,2220,0,10713,friend_suv,2,C_donate_recycle A_negligible
5x5,LOW disposal / borrowed SUV,0,100000,81496,81496,53911,35521,7936,21.90752688172043,18.39,4431.538879825992,12220,0,2220,0,14284,friend_suv,2,C_donate_recycle A_negligible
5x5,LOW disposal / borrowed SUV,0,150000,123604,123604,84889,59079,20364,27.651901565995527,25.81,4788.9965129794655,12220,0,2220,0,21426,friend_suv,2,C_donate_recycle A_negligible
5x5,LOW disposal / borrowed SUV,0,200000,165712,165712,116242,83262,33792,31.745593869731803,32.98,5024.620982413585,12220,0,2220,0,28568,friend_suv,2,C_donate_recycle A_negligible
5x5,LOW disposal / borrowed SUV,0,300000,249928,249928,178588,131028,59688,37.19166666666667,47.56,5255.004205214465,12220,0,2220,0,42852,friend_suv,2,C_donate_recycle A_negligible
5x5,LOW disposal / borrowed SUV,5000,25000,12334,12334,874,-6766,-18226,1.4350203606748109,7.64,1614.3979057591623,18220,6000,2220,0,3571,friend_suv,2,C_donate_recycle A_negligible
5x5,LOW disposal / borrowed SUV,5000,50000,33388,33388,16543,5313,-11532,3.7221850613154963,11.23,2973.107747105966,18220,6000,2220,0,7142,friend_suv,2,C_donate_recycle A_negligible
5x5,LOW disposal / borrowed SUV,5000,75000,54442,54442,32227,17417,-4798,5.825789192081327,14.81,3676.029709655638,18220,6000,2220,0,10713,friend_suv,2,C_donate_recycle A_negligible
5x5,LOW disposal / borrowed SUV,5000,100000,75496,75496,47911,29521,1936,7.7670781893004115,18.39,4105.274605764002,18220,6000,2220,0,14284,friend_suv,2,C_donate_recycle A_negligible
5x5,LOW disposal / borrowed SUV,5000,150000,117604,117604,78889,53079,14364,11.232473734479465,25.81,4556.5284773343665,18220,6000,2220,0,21426,friend_suv,2,C_donate_recycle A_negligible
5x5,LOW disposal / borrowed SUV,5000,200000,159712,159712,110242,77262,27792,14.23458110516934,32.98,4842.6925409339,18220,6000,2220,0,28568,friend_suv,2,C_donate_recycle A_negligible
5x5,LOW disposal / borrowed SUV,5000,300000,243928,243928,172588,125028,53688,19.176729559748427,47.56,5128.847771236333,18220,6000,2220,0,42852,friend_suv,2,C_donate_recycle A_negligible
5x5,LOW disposal / borrowed SUV,10000,25000,6534,6534,-4926,-12566,-24026,0.4539076068079194,7.64,855.2356020942409,24020,11800,2220,0,3571,friend_suv,2,C_donate_recycle A_negligible
5x5,LOW disposal / borrowed SUV,10000,50000,27588,27588,10743,-487,-17332,1.8678402166553825,11.23,2456.634016028495,24020,11800,2220,0,7142,friend_suv,2,C_donate_recycle A_negligible
5x5,LOW disposal / borrowed SUV,10000,75000,48642,48642,26427,11617,-10598,3.2117530538131396,14.81,3284.4024307900067,24020,11800,2220,0,10713,friend_suv,2,C_donate_recycle A_negligible
5x5,LOW disposal / borrowed SUV,10000,100000,69696,69696,42111,23721,-3864,4.490721649484536,18.39,3789.885807504078,24020,11800,2220,0,14284,friend_suv,2,C_donate_recycle A_negligible
5x5,LOW disposal / borrowed SUV,10000,150000,111804,111804,73089,47279,8564,6.87178856791641,25.81,4331.809376210771,24020,11800,2220,0,21426,friend_suv,2,C_donate_recycle A_negligible
5x5,LOW disposal / borrowed SUV,10000,200000,153912,153912,104442,71462,21992,9.043008225616921,32.98,4666.8283808368715,24020,11800,2220,0,28568,friend_suv,2,C_donate_recycle A_negligible
5x5,LOW disposal / borrowed SUV,10000,300000,238128,238128,166788,119228,47888,12.857883369330454,47.56,5006.896551724138,24020,11800,2220,0,42852,friend_suv,2,C_donate_recycle A_negligible
5x5,LOW disposal / borrowed SUV,15000,25000,634,634,-10826,-18466,-29926,0.031239221483123924,7.64,82.98429319371728,29920,17700,2220,0,3571,friend_suv,2,C_donate_recycle A_negligible
5x5,LOW disposal / borrowed SUV,15000,50000,21688,21688,4843,-6387,-23232,1.049250120948234,11.23,1931.2555654496882,29920,17700,2220,0,7142,friend_suv,2,C_donate_recycle A_negligible
5x5,LOW disposal / borrowed SUV,15000,75000,42742,42742,20527,5717,-16498,2.0309812306961272,14.81,2886.022957461175,29920,17700,2220,0,10713,friend_suv,2,C_donate_recycle A_negligible
5x5,LOW disposal / borrowed SUV,15000,100000,63796,63796,36211,17821,-9764,2.9783380018674137,18.39,3469.059271343121,29920,17700,2220,0,14284,friend_suv,2,C_donate_recycle A_negligible
5x5,LOW disposal / borrowed SUV,15000,150000,105904,105904,67189,41379,2664,4.776905728461886,25.81,4103.215807826424,29920,17700,2220,0,21426,friend_suv,2,C_donate_recycle A_negligible
5x5,LOW disposal / borrowed SUV,15000,200000,148012,148012,98542,65562,16092,6.457766143106457,32.98,4487.932080048515,29920,17700,2220,0,28568,friend_suv,2,C_donate_recycle A_negligible
5x5,LOW disposal / borrowed SUV,15000,300000,232228,232228,160888,113328,41988,9.509746109746109,47.56,4882.842724978974,29920,17700,2220,0,42852,friend_suv,2,C_donate_recycle A_negligible
5x5,LOW disposal / borrowed SUV,20000,25000,-5266,-5266,-16726,-24366,-35826,-0.20103073105554495,7.64,-689.2670157068063,35820,23600,2220,0,3571,friend_suv,2,C_donate_recycle A_negligible
5x5,LOW disposal / borrowed SUV,20000,50000,15788,15788,-1057,-12287,-29132,0.594203989461799,11.23,1405.8771148708815,35820,23600,2220,0,7142,friend_suv,2,C_donate_recycle A_negligible
5x5,LOW disposal / borrowed SUV,20000,75000,36842,36842,14627,-183,-22398,1.3673037669326407,14.81,2487.643484132343,35820,23600,2220,0,10713,friend_suv,2,C_donate_recycle A_negligible
5x5,LOW disposal / borrowed SUV,20000,100000,57896,57896,30311,11921,-15664,2.1191800878477305,18.39,3148.232735182164,35820,23600,2220,0,14284,friend_suv,2,C_donate_recycle A_negligible
5x5,LOW disposal / borrowed SUV,20000,150000,100004,100004,61289,35479,-3236,3.5626647666547915,25.81,3874.622239442077,35820,23600,2220,0,21426,friend_suv,2,C_donate_recycle A_negligible
5x5,LOW disposal / borrowed SUV,20000,200000,142112,142112,92642,59662,10192,4.931020124913255,32.98,4309.035779260158,35820,23600,2220,0,28568,friend_suv,2,C_donate_recycle A_negligible
5x5,LOW disposal / borrowed SUV,20000,300000,226328,226328,154988,107428,36088,7.464643799472295,47.56,4758.78889823381,35820,23600,2220,0,42852,friend_suv,2,C_donate_recycle A_negligible
5x5,LOW disposal / borrowed SUV,30000,25000,-17066,-17066,-28526,-36166,-47626,-0.44916436373207,7.64,-2233.7696335078535,47620,35400,2220,0,3571,friend_suv,2,C_donate_recycle A_negligible
5x5,LOW disposal / borrowed SUV,30000,50000,3988,3988,-12857,-24087,-40932,0.10393536617148814,11.23,355.120213713268,47620,35400,2220,0,7142,friend_suv,2,C_donate_recycle A_negligible
5x5,LOW disposal / borrowed SUV,30000,75000,25042,25042,2827,-11983,-34198,0.6463285585236804,14.81,1690.8845374746793,47620,35400,2220,0,10713,friend_suv,2,C_donate_recycle A_negligible
5x5,LOW disposal / borrowed SUV,30000,100000,46096,46096,18511,121,-27464,1.178323108384458,18.39,2506.57966286025,47620,35400,2220,0,14284,friend_suv,2,C_donate_recycle A_negligible
5x5,LOW disposal / borrowed SUV,30000,150000,88204,88204,49489,23679,-15036,2.2122899423125157,25.81,3417.4351026733825,47620,35400,2220,0,21426,friend_suv,2,C_donate_recycle A_negligible
5x5,LOW disposal / borrowed SUV,30000,200000,130312,130312,80842,47862,-1608,3.208074839980305,32.98,3951.243177683445,47620,35400,2220,0,28568,friend_suv,2,C_donate_recycle A_negligible
5x5,LOW disposal / borrowed SUV,30000,300000,214528,214528,143188,95628,24288,5.093257359924027,47.56,4510.681244743481,47620,35400,2220,0,42852,friend_suv,2,C_donate_recycle A_negligible
5x5,LOW disposal / borrowed SUV,50000,25000,-40666,-40666,-52126,-59766,-71226,-0.6602159266174202,7.64,-5322.774869109948,71220,59000,2220,0,3571,friend_suv,2,C_donate_recycle A_negligible
5x5,LOW disposal / borrowed SUV,50000,50000,-19612,-19612,-36457,-47687,-64532,-0.316475714055188,11.23,-1746.393588601959,71220,59000,2220,0,7142,friend_suv,2,C_donate_recycle A_negligible
5x5,LOW disposal / borrowed SUV,50000,75000,1442,1442,-20773,-35583,-57798,0.023129360814820754,14.81,97.3666441593518,71220,59000,2220,0,10713,friend_suv,2,C_donate_recycle A_negligible
5x5,LOW disposal / borrowed SUV,50000,100000,22496,22496,-5089,-23479,-51064,0.35867346938775513,18.39,1223.273518216422,71220,59000,2220,0,14284,friend_suv,2,C_donate_recycle A_negligible
5x5,LOW disposal / borrowed SUV,50000,150000,64604,64604,25889,79,-38636,1.0178667086812667,25.81,2503.060829135994,71220,59000,2220,0,21426,friend_suv,2,C_donate_recycle A_negligible
5x5,LOW disposal / borrowed SUV,50000,200000,106712,106712,57242,24262,-25208,1.6616630333229523,32.98,3235.6579745300187,71220,59000,2220,0,28568,friend_suv,2,C_donate_recycle A_negligible
5x5,LOW disposal / borrowed SUV,50000,300000,190928,190928,119588,72028,688,2.905173463177115,47.56,4014.465937762826,71220,59000,2220,0,42852,friend_suv,2,C_donate_recycle A_negligible
5x5,LOW disposal / rental van,0,25000,13507,13507,3547,-3093,-13053,1.8198598760441929,6.64,2034.186746987952,17047,0,7047,0,3571,uhaul_cargo_van,1,C_donate_recycle A_negligible
5x5,LOW disposal / rental van,0,50000,34561,34561,19216,8986,-6359,4.432602282929332,10.23,3378.3968719452587,17047,0,7047,0,7142,uhaul_cargo_van,1,C_donate_recycle A_negligible
5x5,LOW disposal / rental van,0,75000,55615,55615,34900,21090,375,6.805555555555555,13.81,4027.1542360608255,17047,0,7047,0,10713,uhaul_cargo_van,1,C_donate_recycle A_negligible
5x5,LOW disposal / rental van,0,100000,76669,76669,50584,33194,7109,8.97028197028197,17.39,4408.79815986199,17047,0,7047,0,14284,uhaul_cargo_van,1,C_donate_recycle A_negligible
5x5,LOW disposal / rental van,0,150000,118777,118777,81562,56752,19537,12.775841669355707,24.81,4787.464731962918,17047,0,7047,0,21426,uhaul_cargo_van,1,C_donate_recycle A_negligible
5x5,LOW disposal / rental van,0,200000,160885,160885,112915,80935,32965,16.013237782422614,31.98,5030.8005003126955,17047,0,7047,0,28568,uhaul_cargo_van,1,C_donate_recycle A_negligible
5x5,LOW disposal / rental van,0,300000,245101,245101,175261,128701,58861,21.226379146098555,46.56,5264.196735395189,17047,0,7047,0,42852,uhaul_cargo_van,1,C_donate_recycle A_negligible
5x5,LOW disposal / rental van,5000,25000,7507,7507,-2453,-9093,-19053,0.5593056176426762,6.64,1130.5722891566265,23047,6000,7047,0,3571,uhaul_cargo_van,1,C_donate_recycle A_negligible
5x5,LOW disposal / rental van,5000,50000,28561,28561,13216,2986,-12359,2.0700877002246867,10.23,2791.8866080156404,23047,6000,7047,0,7142,uhaul_cargo_van,1,C_donate_recycle A_negligible
5x5,LOW disposal / rental van,5000,75000,49615,49615,28900,15090,-5625,3.500917301721705,13.81,3592.6864590876175,23047,6000,7047,0,10713,uhaul_cargo_van,1,C_donate_recycle A_negligible
5x5,LOW disposal / rental van,5000,100000,70669,70669,44584,27194,1109,4.8579775898810755,17.39,4063.772282921219,23047,6000,7047,0,14284,uhaul_cargo_van,1,C_donate_recycle A_negligible
5x5,LOW disposal / rental van,5000,150000,112777,112777,75562,50752,13537,7.372491338170883,24.81,4545.626763401854,23047,6000,7047,0,21426,uhaul_cargo_van,1,C_donate_recycle A_negligible
5x5,LOW disposal / rental van,5000,200000,154885,154885,106915,74935,26965,9.65195986788808,31.98,4843.183239524703,23047,6000,7047,0,28568,uhaul_cargo_van,1,C_donate_recycle A_negligible
5x5,LOW disposal / rental van,5000,300000,239101,239101,169261,122701,52861,13.626317889097852,46.56,5135.3307560137455,23047,6000,7047,0,42852,uhaul_cargo_van,1,C_donate_recycle A_negligible
5x5,LOW disposal / rental van,10000,25000,1707,1707,-8253,-14893,-24853,0.08880449484965144,6.64,257.0783132530121,28847,11800,7047,0,3571,uhaul_cargo_van,1,C_donate_recycle A_negligible
5x5,LOW disposal / rental van,10000,50000,22761,22761,7416,-2814,-18159,1.1614532836658673,10.23,2224.926686217009,28847,11800,7047,0,7142,uhaul_cargo_van,1,C_donate_recycle A_negligible
5x5,LOW disposal / rental van,10000,75000,43815,43815,23100,9290,-11425,2.193821349889846,13.81,3172.70094134685,28847,11800,7047,0,10713,uhaul_cargo_van,1,C_donate_recycle A_negligible
5x5,LOW disposal / rental van,10000,100000,64869,64869,38784,21394,-4691,3.1881358431218363,17.39,3730.2472685451407,28847,11800,7047,0,14284,uhaul_cargo_van,1,C_donate_recycle A_negligible
5x5,LOW disposal / rental van,10000,150000,106977,106977,69762,44952,7737,5.070720955586102,24.81,4311.850060459492,28847,11800,7047,0,21426,uhaul_cargo_van,1,C_donate_recycle A_negligible
5x5,LOW disposal / rental van,10000,200000,149085,149085,101115,69135,21165,6.824049068521994,31.98,4661.819887429643,28847,11800,7047,0,28568,uhaul_cargo_van,1,C_donate_recycle A_negligible
5x5,LOW disposal / rental van,10000,300000,233301,233301,163461,116901,47061,9.992761382618752,46.56,5010.76030927835,28847,11800,7047,0,42852,uhaul_cargo_van,1,C_donate_recycle A_negligible
5x5,LOW disposal / rental van,15000,25000,-4193,-4193,-14153,-20793,-30753,-0.1669055011543667,6.64,-631.4759036144578,34747,17700,7047,0,3571,uhaul_cargo_van,1,C_donate_recycle A_negligible
5x5,LOW disposal / rental van,15000,50000,16861,16861,1516,-8714,-24059,0.661293485508099,10.23,1648.1915933528835,34747,17700,7047,0,7142,uhaul_cargo_van,1,C_donate_recycle A_negligible
5x5,LOW disposal / rental van,15000,75000,37915,37915,17200,3390,-17325,1.4654839208410637,13.81,2745.4742939898624,34747,17700,7047,0,10713,uhaul_cargo_van,1,C_donate_recycle A_negligible
5x5,LOW disposal / rental van,15000,100000,58969,58969,32884,15494,-10591,2.246694860364994,17.39,3390.9718228867164,34747,17700,7047,0,14284,uhaul_cargo_van,1,C_donate_recycle A_negligible
5x5,LOW disposal / rental van,15000,150000,101077,101077,63862,39052,1837,3.744008593547431,24.81,4074.042724707779,34747,17700,7047,0,21426,uhaul_cargo_van,1,C_donate_recycle A_negligible
5x5,LOW disposal / rental van,15000,200000,143185,143185,95215,63235,15265,5.160377698489927,31.98,4477.329580988117,34747,17700,7047,0,28568,uhaul_cargo_van,1,C_donate_recycle A_negligible
5x5,LOW disposal / rental van,15000,300000,227401,227401,157561,111001,41161,7.7751906178411465,46.56,4884.042096219931,34747,17700,7047,0,42852,uhaul_cargo_van,1,C_donate_recycle A_negligible
5x5,LOW disposal / rental van,20000,25000,-10093,-10093,-20053,-26693,-36653,-0.32534975178905295,6.64,-1520.0301204819277,40647,23600,7047,0,3571,uhaul_cargo_van,1,C_donate_recycle A_negligible
5x5,LOW disposal / rental van,20000,50000,10961,10961,-4384,-14614,-29959,0.3491097875593209,10.23,1071.4565004887586,40647,23600,7047,0,7142,uhaul_cargo_van,1,C_donate_recycle A_negligible
5x5,LOW disposal / rental van,20000,75000,32015,32015,11300,-2510,-23225,1.0076482437366234,13.81,2318.2476466328744,40647,23600,7047,0,10713,uhaul_cargo_van,1,C_donate_recycle A_negligible
5x5,LOW disposal / rental van,20000,100000,53069,53069,26984,9594,-16491,1.6508227828413227,17.39,3051.696377228292,40647,23600,7047,0,14284,uhaul_cargo_van,1,C_donate_recycle A_negligible
5x5,LOW disposal / rental van,20000,150000,95177,95177,57962,33152,-4063,2.893181749095662,24.81,3836.2353889560663,40647,23600,7047,0,21426,uhaul_cargo_van,1,C_donate_recycle A_negligible
5x5,LOW disposal / rental van,20000,200000,137285,137285,89315,57335,9365,4.080155734537997,31.98,4292.839274546592,40647,23600,7047,0,28568,uhaul_cargo_van,1,C_donate_recycle A_negligible
5x5,LOW disposal / rental van,20000,300000,221501,221501,151661,105101,35261,6.302131049591715,46.56,4757.323883161512,40647,23600,7047,0,42852,uhaul_cargo_van,1,C_donate_recycle A_negligible
5x5,LOW disposal / rental van,30000,25000,-21893,-21893,-31853,-38493,-48453,-0.5112558965017981,6.64,-3297.1385542168678,52447,35400,7047,0,3571,uhaul_cargo_van,1,C_donate_recycle A_negligible
5x5,LOW disposal / rental van,30000,50000,-839,-839,-16184,-26414,-41759,-0.01942264509109429,10.23,-82.01368523949169,52447,35400,7047,0,7142,uhaul_cargo_van,1,C_donate_recycle A_negligible
5x5,LOW disposal / rental van,30000,75000,20215,20215,-500,-14310,-35025,0.4639447351510144,13.81,1463.7943519188993,52447,35400,7047,0,10713,uhaul_cargo_van,1,C_donate_recycle A_negligible
5x5,LOW disposal / rental van,30000,100000,41269,41269,15184,-2206,-28291,0.9390629622044736,17.39,2373.1454859114433,52447,35400,7047,0,14284,uhaul_cargo_van,1,C_donate_recycle A_negligible
5x5,LOW disposal / rental van,30000,150000,83377,83377,46162,21352,-15863,1.8653824641474819,24.81,3360.6207174526403,52447,35400,7047,0,21426,uhaul_cargo_van,1,C_donate_recycle A_negligible
5x5,LOW disposal / rental van,30000,200000,125485,125485,77515,45535,-2435,2.761128347305653,31.98,3923.85866166354,52447,35400,7047,0,28568,uhaul_cargo_van,1,C_donate_recycle A_negligible
5x5,LOW disposal / rental van,30000,300000,209701,209701,139861,93301,23461,4.466760389375253,46.56,4503.887457044673,52447,35400,7047,0,42852,uhaul_cargo_van,1,C_donate_recycle A_negligible
5x5,LOW disposal / rental van,50000,25000,-45493,-45493,-55453,-62093,-72053,-0.6849086146156393,6.64,-6851.355421686747,76047,59000,7047,0,3571,uhaul_cargo_van,1,C_donate_recycle A_negligible
5x5,LOW disposal / rental van,50000,50000,-24439,-24439,-39784,-50014,-65359,-0.3658697246882345,10.23,-2388.954056695992,76047,59000,7047,0,7142,uhaul_cargo_van,1,C_donate_recycle A_negligible
5x5,LOW disposal / rental van,50000,75000,-3385,-3385,-24100,-37910,-58625,-0.05039302090156613,13.81,-245.1122375090514,76047,59000,7047,0,10713,uhaul_cargo_van,1,C_donate_recycle A_negligible
5x5,LOW disposal / rental van,50000,100000,17669,17669,-8416,-25806,-51891,0.26158082520319187,17.39,1016.0437032777457,76047,59000,7047,0,14284,uhaul_cargo_van,1,C_donate_recycle A_negligible
5x5,LOW disposal / rental van,50000,150000,59777,59777,22562,-2248,-39463,0.8752507430780269,24.81,2409.391374445788,76047,59000,7047,0,21426,uhaul_cargo_van,1,C_donate_recycle A_negligible
5x5,LOW disposal / rental van,50000,200000,101885,101885,53915,21935,-26035,1.4755890914884064,31.98,3185.897435897436,76047,59000,7047,0,28568,uhaul_cargo_van,1,C_donate_recycle A_negligible
5x5,LOW disposal / rental van,50000,300000,186101,186101,116261,69701,-139,2.637971848554864,46.56,3997.0146048109964,76047,59000,7047,0,42852,uhaul_cargo_van,1,C_donate_recycle A_negligible
5x5,MEDIUM disposal / borrowed vehicle,0,25000,11878,11878,-962,-9522,-22362,1.3123411777704121,8.56,1387.6168224299065,18676,0,2520,6156,3571,friend_suv,2,C_donate_recycle D_small_paid F_special_items
5x5,MEDIUM disposal / borrowed vehicle,0,50000,32932,32932,14707,2557,-15668,3.4937407171652874,12.15,2710.4526748971193,18676,0,2520,6156,7142,friend_suv,2,C_donate_recycle D_small_paid F_special_items
5x5,MEDIUM disposal / borrowed vehicle,0,75000,53986,53986,30391,14661,-8934,5.508213447607387,15.73,3432.040686586141,18676,0,2520,6156,10713,friend_suv,2,C_donate_recycle D_small_paid F_special_items
5x5,MEDIUM disposal / borrowed vehicle,0,100000,75040,75040,46075,26765,-2200,7.3742138364779874,19.31,3886.0693940963233,18676,0,2520,6156,14284,friend_suv,2,C_donate_recycle D_small_paid F_special_items
5x5,MEDIUM disposal / borrowed vehicle,0,150000,117148,117148,77053,50323,10228,10.721947647812557,26.73,4382.641227085672,18676,0,2520,6156,21426,friend_suv,2,C_donate_recycle D_small_paid F_special_items
5x5,MEDIUM disposal / borrowed vehicle,0,200000,159256,159256,108406,74506,23656,13.639602603631381,33.9,4697.817109144543,18676,0,2520,6156,28568,friend_suv,2,C_donate_recycle D_small_paid F_special_items
5x5,MEDIUM disposal / borrowed vehicle,0,300000,243472,243472,170752,122272,49552,18.478445658773527,48.48,5022.112211221122,18676,0,2520,6156,42852,friend_suv,2,C_donate_recycle D_small_paid F_special_items
5x5,MEDIUM disposal / borrowed vehicle,5000,25000,5878,5878,-6962,-15522,-28362,0.3905388346289283,8.56,686.6822429906541,24676,6000,2520,6156,3571,friend_suv,2,C_donate_recycle D_small_paid F_special_items
5x5,MEDIUM disposal / borrowed vehicle,5000,50000,26932,26932,8707,-3443,-21668,1.745883573188124,12.15,2216.625514403292,24676,6000,2520,6156,7142,friend_suv,2,C_donate_recycle D_small_paid F_special_items
5x5,MEDIUM disposal / borrowed vehicle,5000,75000,47986,47986,24391,8661,-14934,3.036896398962091,15.73,3050.603941513032,24676,6000,2520,6156,10713,friend_suv,2,C_donate_recycle D_small_paid F_special_items
5x5,MEDIUM disposal / borrowed vehicle,5000,100000,69040,69040,40075,20765,-8200,4.268051434223541,19.31,3575.3495598135682,24676,6000,2520,6156,14284,friend_suv,2,C_donate_recycle D_small_paid F_special_items
5x5,MEDIUM disposal / borrowed vehicle,5000,150000,111148,111148,71053,44323,4228,6.566702115089212,26.73,4158.174335952113,24676,6000,2520,6156,21426,friend_suv,2,C_donate_recycle D_small_paid F_special_items
5x5,MEDIUM disposal / borrowed vehicle,5000,200000,153256,153256,102406,68506,17656,8.670287395338311,33.9,4520.825958702065,24676,6000,2520,6156,28568,friend_suv,2,C_donate_recycle D_small_paid F_special_items
5x5,MEDIUM disposal / borrowed vehicle,5000,300000,237472,237472,164752,116272,43552,12.383813099707968,48.48,4898.349834983499,24676,6000,2520,6156,42852,friend_suv,2,C_donate_recycle D_small_paid F_special_items
5x5,MEDIUM disposal / borrowed vehicle,10000,25000,78,78,-12762,-21322,-34162,0.0037408277780442184,8.56,9.11214953271028,30476,11800,2520,6156,3571,friend_suv,2,C_donate_recycle D_small_paid F_special_items
5x5,MEDIUM disposal / borrowed vehicle,10000,50000,21132,21132,2907,-9243,-27468,0.9955714689531706,12.15,1739.2592592592591,30476,11800,2520,6156,7142,friend_suv,2,C_donate_recycle D_small_paid F_special_items
5x5,MEDIUM disposal / borrowed vehicle,10000,75000,42186,42186,18591,2861,-20734,1.9529651405027546,15.73,2681.881754609027,30476,11800,2520,6156,10713,friend_suv,2,C_donate_recycle D_small_paid F_special_items
5x5,MEDIUM disposal / borrowed vehicle,10000,100000,63240,63240,34275,14965,-14000,2.8776847469967235,19.31,3274.9870533402386,30476,11800,2520,6156,14284,friend_suv,2,C_donate_recycle D_small_paid F_special_items
5x5,MEDIUM disposal / borrowed vehicle,10000,150000,105348,105348,65253,38523,-1572,4.6355715920091525,26.73,3941.189674523008,30476,11800,2520,6156,21426,friend_suv,2,C_donate_recycle D_small_paid F_special_items
5x5,MEDIUM disposal / borrowed vehicle,10000,200000,147456,147456,96606,62706,11856,6.281138183676947,33.9,4349.734513274337,30476,11800,2520,6156,28568,friend_suv,2,C_donate_recycle D_small_paid F_special_items
5x5,MEDIUM disposal / borrowed vehicle,10000,300000,231672,231672,158952,110472,37752,9.27578475336323,48.48,4778.712871287129,30476,11800,2520,6156,42852,friend_suv,2,C_donate_recycle D_small_paid F_special_items
5x5,MEDIUM disposal / borrowed vehicle,15000,25000,-5822,-5822,-18662,-27222,-40062,-0.21763672386079025,8.56,-680.1401869158879,36376,17700,2520,6156,3571,friend_suv,2,C_donate_recycle D_small_paid F_special_items
5x5,MEDIUM disposal / borrowed vehicle,15000,50000,15232,15232,-2993,-15143,-33368,0.5615276856152769,12.15,1253.6625514403293,36376,17700,2520,6156,7142,friend_suv,2,C_donate_recycle D_small_paid F_special_items
5x5,MEDIUM disposal / borrowed vehicle,15000,75000,36286,36286,12691,-3039,-26634,1.3194429293480237,15.73,2306.8022886204703,36376,17700,2520,6156,10713,friend_suv,2,C_donate_recycle D_small_paid F_special_items
5x5,MEDIUM disposal / borrowed vehicle,15000,100000,57340,57340,28375,9065,-19900,2.0569665662218397,19.31,2969.445882962196,36376,17700,2520,6156,14284,friend_suv,2,C_donate_recycle D_small_paid F_special_items
5x5,MEDIUM disposal / borrowed vehicle,15000,150000,99448,99448,59353,32623,-7472,3.4740445748620137,26.73,3720.463898241676,36376,17700,2520,6156,21426,friend_suv,2,C_donate_recycle D_small_paid F_special_items
5x5,MEDIUM disposal / borrowed vehicle,15000,200000,141556,141556,90706,56806,5956,4.818763616557734,33.9,4175.693215339234,36376,17700,2520,6156,28568,friend_suv,2,C_donate_recycle D_small_paid F_special_items
5x5,MEDIUM disposal / borrowed vehicle,15000,300000,225772,225772,153052,104572,31852,7.31221660836896,48.48,4657.013201320132,36376,17700,2520,6156,42852,friend_suv,2,C_donate_recycle D_small_paid F_special_items
5x5,MEDIUM disposal / borrowed vehicle,20000,25000,-11722,-11722,-24562,-33122,-45962,-0.35900891243759764,8.56,-1369.392523364486,42276,23600,2520,6156,3571,friend_suv,2,C_donate_recycle D_small_paid F_special_items
5x5,MEDIUM disposal / borrowed vehicle,20000,50000,9332,9332,-8893,-21043,-39268,0.2825652516199358,12.15,768.0658436213992,42276,23600,2520,6156,7142,friend_suv,2,C_donate_recycle D_small_paid F_special_items
5x5,MEDIUM disposal / borrowed vehicle,20000,75000,30386,30386,6791,-8939,-32534,0.909733241519715,15.73,1931.7228226319135,42276,23600,2520,6156,10713,friend_suv,2,C_donate_recycle D_small_paid F_special_items
5x5,MEDIUM disposal / borrowed vehicle,20000,100000,51440,51440,22475,3165,-25800,1.522974893415443,19.31,2663.9047125841535,42276,23600,2520,6156,14284,friend_suv,2,C_donate_recycle D_small_paid F_special_items
5x5,MEDIUM disposal / borrowed vehicle,20000,150000,93548,93548,53453,26723,-13372,2.7094942941551294,26.73,3499.738121960344,42276,23600,2520,6156,21426,friend_suv,2,C_donate_recycle D_small_paid F_special_items
5x5,MEDIUM disposal / borrowed vehicle,20000,200000,135656,135656,84806,50906,56,3.8455607211702008,33.9,4001.65191740413,42276,23600,2520,6156,28568,friend_suv,2,C_donate_recycle D_small_paid F_special_items
5x5,MEDIUM disposal / borrowed vehicle,20000,300000,219872,219872,147152,98672,25952,5.978681748966717,48.48,4535.313531353136,42276,23600,2520,6156,42852,friend_suv,2,C_donate_recycle D_small_paid F_special_items
5x5,MEDIUM disposal / borrowed vehicle,30000,25000,-23522,-23522,-36362,-44922,-57762,-0.5291669478751884,8.56,-2747.897196261682,54076,35400,2520,6156,3571,friend_suv,2,C_donate_recycle D_small_paid F_special_items
5x5,MEDIUM disposal / borrowed vehicle,30000,50000,-2468,-2468,-20693,-32843,-51068,-0.05505733279792977,12.15,-203.1275720164609,54076,35400,2520,6156,7142,friend_suv,2,C_donate_recycle D_small_paid F_special_items
5x5,MEDIUM disposal / borrowed vehicle,30000,75000,18586,18586,-5009,-20739,-44334,0.41118559323908765,15.73,1181.5638906547997,54076,35400,2520,6156,10713,friend_suv,2,C_donate_recycle D_small_paid F_special_items
5x5,MEDIUM disposal / borrowed vehicle,30000,100000,39640,39640,10675,-8635,-37600,0.8697560119361067,19.31,2052.8223718280683,54076,35400,2520,6156,14284,friend_suv,2,C_donate_recycle D_small_paid F_special_items
5x5,MEDIUM disposal / borrowed vehicle,30000,150000,81748,81748,41653,14923,-25172,1.7646246168458317,26.73,3058.2865693976805,54076,35400,2520,6156,21426,friend_suv,2,C_donate_recycle D_small_paid F_special_items
5x5,MEDIUM disposal / borrowed vehicle,30000,200000,123856,123856,73006,39106,-11744,2.6309796924122697,33.9,3653.5693215339234,54076,35400,2520,6156,28568,friend_suv,2,C_donate_recycle D_small_paid F_special_items
5x5,MEDIUM disposal / borrowed vehicle,30000,300000,208072,208072,135352,86872,14152,4.283432147562582,48.48,4291.914191419142,54076,35400,2520,6156,42852,friend_suv,2,C_donate_recycle D_small_paid F_special_items
5x5,MEDIUM disposal / borrowed vehicle,50000,25000,-47122,-47122,-59962,-68522,-81362,-0.6924512497979457,8.56,-5504.906542056075,77676,59000,2520,6156,3571,friend_suv,2,C_donate_recycle D_small_paid F_special_items
5x5,MEDIUM disposal / borrowed vehicle,50000,50000,-26068,-26068,-44293,-56443,-74668,-0.38096629935989246,12.15,-2145.514403292181,77676,59000,2520,6156,7142,friend_suv,2,C_donate_recycle D_small_paid F_special_items
5x5,MEDIUM disposal / borrowed vehicle,50000,75000,-5014,-5014,-28609,-44339,-67934,-0.07287684772023663,15.73,-318.75397329942786,77676,59000,2520,6156,10713,friend_suv,2,C_donate_recycle D_small_paid F_special_items
5x5,MEDIUM disposal / borrowed vehicle,50000,100000,16040,16040,-12925,-32235,-61200,0.23187232566207933,19.31,830.6576903158985,77676,59000,2520,6156,14284,friend_suv,2,C_donate_recycle D_small_paid F_special_items
5x5,MEDIUM disposal / borrowed vehicle,50000,150000,58148,58148,18053,-8677,-48772,0.8315647970711896,26.73,2175.383464272353,77676,59000,2520,6156,21426,friend_suv,2,C_donate_recycle D_small_paid F_special_items
5x5,MEDIUM disposal / borrowed vehicle,50000,200000,100256,100256,49406,15506,-35344,1.418529628162318,33.9,2957.4041297935105,77676,59000,2520,6156,28568,friend_suv,2,C_donate_recycle D_small_paid F_special_items
5x5,MEDIUM disposal / borrowed vehicle,50000,300000,184472,184472,111752,63272,-9448,2.555863444912436,48.48,3805.1155115511556,77676,59000,2520,6156,42852,friend_suv,2,C_donate_recycle D_small_paid F_special_items
5x5,MEDIUM disposal / rental vehicle,0,25000,8878,8878,-2462,-10022,-21362,0.7367023483528338,7.56,1174.3386243386244,21676,0,5520,6156,3571,homedepot_cargo_van,1,C_donate_recycle D_small_paid F_special_items
5x5,MEDIUM disposal / rental vehicle,0,50000,29932,29932,13207,2057,-14668,2.4088202156768066,11.15,2684.4843049327355,21676,0,5520,6156,7142,homedepot_cargo_van,1,C_donate_recycle D_small_paid F_special_items
5x5,MEDIUM disposal / rental vehicle,0,75000,50986,50986,28891,14161,-7934,3.9829700804624637,14.73,3461.3713509843856,21676,0,5520,6156,10713,homedepot_cargo_van,1,C_donate_recycle D_small_paid F_special_items
5x5,MEDIUM disposal / rental vehicle,0,100000,72040,72040,44575,26265,-1200,5.467516697024894,18.31,3934.4620425996727,21676,0,5520,6156,14284,homedepot_cargo_van,1,C_donate_recycle D_small_paid F_special_items
5x5,MEDIUM disposal / rental vehicle,0,150000,114148,114148,75553,49823,11228,8.196754272583657,25.73,4436.3777691410805,21676,0,5520,6156,21426,homedepot_cargo_van,1,C_donate_recycle D_small_paid F_special_items
5x5,MEDIUM disposal / rental vehicle,0,200000,156256,156256,106906,74006,24656,10.647042790951213,32.9,4749.422492401216,21676,0,5520,6156,28568,homedepot_cargo_van,1,C_donate_recycle D_small_paid F_special_items
5x5,MEDIUM disposal / rental vehicle,0,300000,240472,240472,169252,121772,50552,14.86597428288823,47.48,5064.700926705982,21676,0,5520,6156,42852,homedepot_cargo_van,1,C_donate_recycle D_small_paid F_special_items
5x5,MEDIUM disposal / rental vehicle,5000,25000,2878,2878,-8462,-16022,-27362,0.15943715029638247,7.56,380.6878306878307,27676,6000,5520,6156,3571,homedepot_cargo_van,1,C_donate_recycle D_small_paid F_special_items
5x5,MEDIUM disposal / rental vehicle,5000,50000,23932,23932,7207,-3943,-20668,1.298816889178335,11.15,2146.3677130044844,27676,6000,5520,6156,7142,homedepot_cargo_van,1,C_donate_recycle D_small_paid F_special_items
5x5,MEDIUM disposal / rental vehicle,5000,75000,44986,44986,22891,8161,-13934,2.3927450667517687,14.73,3054.039375424304,27676,6000,5520,6156,10713,homedepot_cargo_van,1,C_donate_recycle D_small_paid F_special_items
5x5,MEDIUM disposal / rental vehicle,5000,100000,66040,66040,38575,20265,-7200,3.4438881935753023,18.31,3606.772255598034,27676,6000,5520,6156,14284,homedepot_cargo_van,1,C_donate_recycle D_small_paid F_special_items
5x5,MEDIUM disposal / rental vehicle,5000,150000,108148,108148,69553,43823,5228,5.427481682224229,25.73,4203.186941313642,27676,6000,5520,6156,21426,homedepot_cargo_van,1,C_donate_recycle D_small_paid F_special_items
5x5,MEDIUM disposal / rental vehicle,5000,200000,150256,150256,100906,68006,18656,7.26716966531244,32.9,4567.051671732523,27676,6000,5520,6156,28568,homedepot_cargo_van,1,C_donate_recycle D_small_paid F_special_items
5x5,MEDIUM disposal / rental vehicle,5000,300000,234472,234472,163252,115772,44552,10.573232323232324,47.48,4938.331929233362,27676,6000,5520,6156,42852,homedepot_cargo_van,1,C_donate_recycle D_small_paid F_special_items
5x5,MEDIUM disposal / rental vehicle,10000,25000,-2922,-2922,-14262,-21822,-33162,-0.12251058655821559,7.56,-386.5079365079365,33476,11800,5520,6156,3571,homedepot_cargo_van,1,C_donate_recycle D_small_paid F_special_items
5x5,MEDIUM disposal / rental vehicle,10000,50000,18132,18132,1407,-9743,-26468,0.7484520762816809,11.15,1626.1883408071749,33476,11800,5520,6156,7142,homedepot_cargo_van,1,C_donate_recycle D_small_paid F_special_items
5x5,MEDIUM disposal / rental vehicle,10000,75000,39186,39186,17091,2361,-19734,1.5928620787772856,14.73,2660.285132382892,33476,11800,5520,6156,10713,homedepot_cargo_van,1,C_donate_recycle D_small_paid F_special_items
5x5,MEDIUM disposal / rental vehicle,10000,100000,60240,60240,32775,14465,-13000,2.4119154388212682,18.31,3290.00546149645,33476,11800,5520,6156,14284,homedepot_cargo_van,1,C_donate_recycle D_small_paid F_special_items
5x5,MEDIUM disposal / rental vehicle,10000,150000,102348,102348,63753,38023,-572,3.9783876234159994,25.73,3977.769141080451,33476,11800,5520,6156,21426,homedepot_cargo_van,1,C_donate_recycle D_small_paid F_special_items
5x5,MEDIUM disposal / rental vehicle,10000,200000,144456,144456,95106,62206,12856,5.456111195044569,32.9,4390.759878419453,33476,11800,5520,6156,28568,homedepot_cargo_van,1,C_donate_recycle D_small_paid F_special_items
5x5,MEDIUM disposal / rental vehicle,10000,300000,228672,228672,157452,109972,38752,8.17386331140978,47.48,4816.175231676496,33476,11800,5520,6156,42852,homedepot_cargo_van,1,C_donate_recycle D_small_paid F_special_items
5x5,MEDIUM disposal / rental vehicle,15000,25000,-8822,-8822,-20162,-27722,-39062,-0.29652784780343516,7.56,-1166.931216931217,39376,17700,5520,6156,3571,homedepot_cargo_van,1,C_donate_recycle D_small_paid F_special_items
5x5,MEDIUM disposal / rental vehicle,15000,50000,12232,12232,-4493,-15643,-32368,0.4060280156675297,11.15,1097.0403587443946,39376,17700,5520,6156,7142,homedepot_cargo_van,1,C_donate_recycle D_small_paid F_special_items
5x5,MEDIUM disposal / rental vehicle,15000,75000,33286,33286,11191,-3539,-25634,1.091308481689125,14.73,2259.7420230821454,39376,17700,5520,6156,10713,homedepot_cargo_van,1,C_donate_recycle D_small_paid F_special_items
5x5,MEDIUM disposal / rental vehicle,15000,100000,54340,54340,26875,8565,-18900,1.7599429977976422,18.31,2967.777170944839,39376,17700,5520,6156,14284,homedepot_cargo_van,1,C_donate_recycle D_small_paid F_special_items
5x5,MEDIUM disposal / rental vehicle,15000,150000,96448,96448,57853,32123,-6472,3.0496426990450893,25.73,3748.464827050136,39376,17700,5520,6156,21426,homedepot_cargo_van,1,C_donate_recycle D_small_paid F_special_items
5x5,MEDIUM disposal / rental vehicle,15000,200000,138556,138556,89206,56306,6956,4.2795898196194715,32.9,4211.428571428572,39376,17700,5520,6156,28568,homedepot_cargo_van,1,C_donate_recycle D_small_paid F_special_items
5x5,MEDIUM disposal / rental vehicle,15000,300000,222772,222772,151552,104072,32852,6.576101074507026,47.48,4691.912384161753,39376,17700,5520,6156,42852,homedepot_cargo_van,1,C_donate_recycle D_small_paid F_special_items
5x5,MEDIUM disposal / rental vehicle,20000,25000,-14722,-14722,-26062,-33622,-44962,-0.41294774340130713,7.56,-1947.3544973544974,45276,23600,5520,6156,3571,homedepot_cargo_van,1,C_donate_recycle D_small_paid F_special_items
5x5,MEDIUM disposal / rental vehicle,20000,50000,6332,6332,-10393,-21543,-38268,0.17576194970299228,11.15,567.8923766816143,45276,23600,5520,6156,7142,homedepot_cargo_van,1,C_donate_recycle D_small_paid F_special_items
5x5,MEDIUM disposal / rental vehicle,20000,75000,27386,27386,5291,-9439,-31534,0.7523419686272356,14.73,1859.1989137813985,45276,23600,5520,6156,10713,homedepot_cargo_van,1,C_donate_recycle D_small_paid F_special_items
5x5,MEDIUM disposal / rental vehicle,20000,100000,48440,48440,20975,2665,-24800,1.3171633674135306,18.31,2645.548880393228,45276,23600,5520,6156,14284,homedepot_cargo_van,1,C_donate_recycle D_small_paid F_special_items
5x5,MEDIUM disposal / rental vehicle,20000,150000,90548,90548,51953,26223,-12372,2.4129403613494644,25.73,3519.1605130198213,45276,23600,5520,6156,21426,homedepot_cargo_van,1,C_donate_recycle D_small_paid F_special_items
5x5,MEDIUM disposal / rental vehicle,20000,200000,132656,132656,83306,50406,1056,3.4657748981084753,32.9,4032.0972644376902,45276,23600,5520,6156,28568,homedepot_cargo_van,1,C_donate_recycle D_small_paid F_special_items
5x5,MEDIUM disposal / rental vehicle,20000,300000,216872,216872,145652,98172,26952,5.4523330651649236,47.48,4567.64953664701,45276,23600,5520,6156,42852,homedepot_cargo_van,1,C_donate_recycle D_small_paid F_special_items
5x5,MEDIUM disposal / rental vehicle,30000,25000,-26522,-26522,-37862,-45422,-56762,-0.5589344797791406,7.56,-3508.2010582010585,57076,35400,5520,6156,3571,homedepot_cargo_van,1,C_donate_recycle D_small_paid F_special_items
5x5,MEDIUM disposal / rental vehicle,30000,50000,-5468,-5468,-22193,-33343,-50068,-0.11433111696566721,11.15,-490.40358744394615,57076,35400,5520,6156,7142,homedepot_cargo_van,1,C_donate_recycle D_small_paid F_special_items
5x5,MEDIUM disposal / rental vehicle,30000,75000,15586,15586,-6509,-21239,-43334,0.3233542872554511,14.73,1058.112695179905,57076,35400,5520,6156,10713,homedepot_cargo_van,1,C_donate_recycle D_small_paid F_special_items
5x5,MEDIUM disposal / rental vehicle,30000,100000,36640,36640,9175,-9135,-36600,0.7542819499341239,18.31,2001.0922992900057,57076,35400,5520,6156,14284,homedepot_cargo_van,1,C_donate_recycle D_small_paid F_special_items
5x5,MEDIUM disposal / rental vehicle,30000,150000,78748,78748,40153,14423,-24172,1.596480557920772,25.73,3060.5518849591917,57076,35400,5520,6156,21426,homedepot_cargo_van,1,C_donate_recycle D_small_paid F_special_items
5x5,MEDIUM disposal / rental vehicle,30000,200000,120856,120856,71506,38606,-10744,2.4134515536384695,32.9,3673.434650455927,57076,35400,5520,6156,28568,homedepot_cargo_van,1,C_donate_recycle D_small_paid F_special_items
5x5,MEDIUM disposal / rental vehicle,30000,300000,205072,205072,133852,86372,15152,3.976112920738328,47.48,4319.123841617524,57076,35400,5520,6156,42852,homedepot_cargo_van,1,C_donate_recycle D_small_paid F_special_items
5x5,MEDIUM disposal / rental vehicle,50000,25000,-50122,-50122,-61462,-69022,-80362,-0.705436939663059,7.56,-6629.8941798941805,80676,59000,5520,6156,3571,homedepot_cargo_van,1,C_donate_recycle D_small_paid F_special_items
5x5,MEDIUM disposal / rental vehicle,50000,50000,-29068,-29068,-45793,-56943,-73668,-0.4069666507994288,11.15,-2606.9955156950673,80676,59000,5520,6156,7142,homedepot_cargo_van,1,C_donate_recycle D_small_paid F_special_items
5x5,MEDIUM disposal / rental vehicle,50000,75000,-8014,-8014,-30109,-44839,-66934,-0.11161404437264105,14.73,-544.0597420230821,80676,59000,5520,6156,10713,homedepot_cargo_van,1,C_donate_recycle D_small_paid F_special_items
5x5,MEDIUM disposal / rental vehicle,50000,100000,13040,13040,-14425,-32735,-60200,0.1806694746176014,18.31,712.1791370835609,80676,59000,5520,6156,14284,homedepot_cargo_van,1,C_donate_recycle D_small_paid F_special_items
5x5,MEDIUM disposal / rental vehicle,50000,150000,55148,55148,16553,-9177,-47772,0.7562186325864575,25.73,2143.3346288379325,80676,59000,5520,6156,21426,homedepot_cargo_van,1,C_donate_recycle D_small_paid F_special_items
5x5,MEDIUM disposal / rental vehicle,50000,200000,97256,97256,47906,15006,-34344,1.3200499484228243,32.9,2956.1094224924013,80676,59000,5520,6156,28568,homedepot_cargo_van,1,C_donate_recycle D_small_paid F_special_items
5x5,MEDIUM disposal / rental vehicle,50000,300000,181472,181472,110252,62772,-8448,2.4139619027349153,47.48,3822.072451558551,80676,59000,5520,6156,42852,homedepot_cargo_van,1,C_donate_recycle D_small_paid F_special_items
5x5,HIGH disposal / rental vehicle,0,25000,-1676,-1676,-13691,-21701,-33716,-0.07414288874142888,8.01,-209.23845193508114,32230,0,5520,16710,3571,homedepot_cargo_van,1,C_donate_recycle E_dump_run F_special_items
5x5,HIGH disposal / rental vehicle,0,50000,19378,19378,1978,-9622,-27022,0.84325500435161,11.6,1670.5172413793105,32230,0,5520,16710,7142,homedepot_cargo_van,1,C_donate_recycle E_dump_run F_special_items
5x5,HIGH disposal / rental vehicle,0,75000,40432,40432,17662,2482,-20288,1.731192464140441,15.18,2663.5046113306985,32230,0,5520,16710,10713,homedepot_cargo_van,1,C_donate_recycle E_dump_run F_special_items
5x5,HIGH disposal / rental vehicle,0,100000,61486,61486,33346,14586,-13554,2.5910661609776655,18.76,3277.505330490405,32230,0,5520,16710,14284,homedepot_cargo_van,1,C_donate_recycle E_dump_run F_special_items
5x5,HIGH disposal / rental vehicle,0,150000,103594,103594,64324,38144,-1126,4.231781045751634,26.18,3956.9900687547747,32230,0,5520,16710,21426,homedepot_cargo_van,1,C_donate_recycle E_dump_run F_special_items
5x5,HIGH disposal / rental vehicle,0,200000,145702,145702,95677,62327,12302,5.77495045580658,33.35,4368.87556221889,32230,0,5520,16710,28568,homedepot_cargo_van,1,C_donate_recycle E_dump_run F_special_items
5x5,HIGH disposal / rental vehicle,0,300000,229918,229918,158023,110093,38198,8.60149644594089,47.93,4796.953891091174,32230,0,5520,16710,42852,homedepot_cargo_van,1,C_donate_recycle E_dump_run F_special_items
5x5,HIGH disposal / rental vehicle,5000,25000,-7676,-7676,-19691,-27701,-39716,-0.2683446949833945,8.01,-958.3021223470662,38230,6000,5520,16710,3571,homedepot_cargo_van,1,C_donate_recycle E_dump_run F_special_items
5x5,HIGH disposal / rental vehicle,5000,50000,13378,13378,-4022,-15622,-33022,0.4616287094547964,11.6,1153.2758620689656,38230,6000,5520,16710,7142,homedepot_cargo_van,1,C_donate_recycle E_dump_run F_special_items
5x5,HIGH disposal / rental vehicle,5000,75000,34432,34432,11662,-3518,-26288,1.1729517969681484,15.18,2268.247694334651,38230,6000,5520,16710,10713,homedepot_cargo_van,1,C_donate_recycle E_dump_run F_special_items
5x5,HIGH disposal / rental vehicle,5000,100000,55486,55486,27346,8586,-19554,1.8663303060881264,18.76,2957.6759061833686,38230,6000,5520,16710,14284,homedepot_cargo_van,1,C_donate_recycle E_dump_run F_special_items
5x5,HIGH disposal / rental vehicle,5000,150000,97594,97594,58324,32144,-7126,3.2019028871391075,26.18,3727.807486631016,38230,6000,5520,16710,21426,homedepot_cargo_van,1,C_donate_recycle E_dump_run F_special_items
5x5,HIGH disposal / rental vehicle,5000,200000,139702,139702,89677,56327,6302,4.473326929234711,33.35,4188.9655172413795,38230,6000,5520,16710,28568,homedepot_cargo_van,1,C_donate_recycle E_dump_run F_special_items
5x5,HIGH disposal / rental vehicle,5000,300000,223918,223918,152023,104093,32198,6.84136877482432,47.93,4671.771333194241,38230,6000,5520,16710,42852,homedepot_cargo_van,1,C_donate_recycle E_dump_run F_special_items
5x5,HIGH disposal / rental vehicle,10000,25000,-13476,-13476,-25491,-33501,-45516,-0.39168725475948263,8.01,-1682.3970037453184,44030,11800,5520,16710,3571,homedepot_cargo_van,1,C_donate_recycle E_dump_run F_special_items
5x5,HIGH disposal / rental vehicle,10000,50000,7578,7578,-9822,-21422,-38822,0.2178838412880966,11.6,653.2758620689656,44030,11800,5520,16710,7142,homedepot_cargo_van,1,C_donate_recycle E_dump_run F_special_items
5x5,HIGH disposal / rental vehicle,10000,75000,28632,28632,5862,-9318,-32088,0.8144502915659223,15.18,1886.1660079051385,44030,11800,5520,16710,10713,homedepot_cargo_van,1,C_donate_recycle E_dump_run F_special_items
5x5,HIGH disposal / rental vehicle,10000,100000,49686,49686,21546,2786,-25354,1.3984238671545173,18.76,2648.507462686567,44030,11800,5520,16710,14284,homedepot_cargo_van,1,C_donate_recycle E_dump_run F_special_items
5x5,HIGH disposal / rental vehicle,10000,150000,91794,91794,52524,26344,-12926,2.530154355016538,26.18,3506.2643239113827,44030,11800,5520,16710,21426,homedepot_cargo_van,1,C_donate_recycle E_dump_run F_special_items
5x5,HIGH disposal / rental vehicle,10000,200000,133902,133902,83877,50527,502,3.6160410477990816,33.35,4015.052473763118,44030,11800,5520,16710,28568,homedepot_cargo_van,1,C_donate_recycle E_dump_run F_special_items
5x5,HIGH disposal / rental vehicle,10000,300000,218118,218118,146223,98293,26398,5.660991435245263,47.93,4550.761527227206,44030,11800,5520,16710,42852,homedepot_cargo_van,1,C_donate_recycle E_dump_run F_special_items
5x5,HIGH disposal / rental vehicle,15000,25000,-19376,-19376,-31391,-39401,-51416,-0.48073440019848657,8.01,-2418.976279650437,49930,17700,5520,16710,3571,homedepot_cargo_van,1,C_donate_recycle E_dump_run F_special_items
5x5,HIGH disposal / rental vehicle,15000,50000,1678,1678,-15722,-27322,-44722,0.041248770894788594,11.6,144.6551724137931,49930,17700,5520,16710,7142,homedepot_cargo_van,1,C_donate_recycle E_dump_run F_special_items
5x5,HIGH disposal / rental vehicle,15000,75000,22732,22732,-38,-15218,-37988,0.553696261113141,15.18,1497.4967061923585,49930,17700,5520,16710,10713,homedepot_cargo_van,1,C_donate_recycle E_dump_run F_special_items
5x5,HIGH disposal / rental vehicle,15000,100000,43786,43786,15646,-3114,-31254,1.0568670045860487,18.76,2334.008528784648,49930,17700,5520,16710,14284,homedepot_cargo_van,1,C_donate_recycle E_dump_run F_special_items
5x5,HIGH disposal / rental vehicle,15000,150000,85894,85894,46624,20444,-18826,2.036367946894263,26.18,3280.9014514896867,49930,17700,5520,16710,21426,homedepot_cargo_van,1,C_donate_recycle E_dump_run F_special_items
5x5,HIGH disposal / rental vehicle,15000,200000,128002,128002,77977,44627,-5398,2.9816445376193803,33.35,3838.1409295352323,49930,17700,5520,16710,28568,homedepot_cargo_van,1,C_donate_recycle E_dump_run F_special_items
5x5,HIGH disposal / rental vehicle,15000,300000,212218,212218,140323,92393,20498,4.776457348638307,47.93,4427.665345295222,49930,17700,5520,16710,42852,homedepot_cargo_van,1,C_donate_recycle E_dump_run F_special_items
5x5,HIGH disposal / rental vehicle,20000,25000,-25276,-25276,-37291,-45301,-57316,-0.5470403635970134,8.01,-3155.5555555555557,55830,23600,5520,16710,3571,homedepot_cargo_van,1,C_donate_recycle E_dump_run F_special_items
5x5,HIGH disposal / rental vehicle,20000,50000,-4222,-4222,-21622,-33222,-50622,-0.09063975955345642,11.6,-363.9655172413793,55830,23600,5520,16710,7142,homedepot_cargo_van,1,C_donate_recycle E_dump_run F_special_items
5x5,HIGH disposal / rental vehicle,20000,75000,16832,16832,-5938,-21118,-43888,0.3584708763709935,15.18,1108.8274044795785,55830,23600,5520,16710,10713,homedepot_cargo_van,1,C_donate_recycle E_dump_run F_special_items
5x5,HIGH disposal / rental vehicle,20000,100000,37886,37886,9746,-9014,-37154,0.8004648214663005,18.76,2019.509594882729,55830,23600,5520,16710,14284,homedepot_cargo_van,1,C_donate_recycle E_dump_run F_special_items
5x5,HIGH disposal / rental vehicle,20000,150000,79994,79994,40724,14544,-24726,1.6637687188019967,26.18,3055.5385790679907,55830,23600,5520,16710,21426,homedepot_cargo_van,1,C_donate_recycle E_dump_run F_special_items
5x5,HIGH disposal / rental vehicle,20000,200000,122102,122102,72077,38727,-11298,2.5005529387671515,33.35,3661.229385307346,55830,23600,5520,16710,28568,homedepot_cargo_van,1,C_donate_recycle E_dump_run F_special_items
5x5,HIGH disposal / rental vehicle,20000,300000,206318,206318,134423,86493,14598,4.099304589707928,47.93,4304.569163363238,55830,23600,5520,16710,42852,homedepot_cargo_van,1,C_donate_recycle E_dump_run F_special_items
5x5,HIGH disposal / rental vehicle,30000,25000,-37076,-37076,-49091,-57101,-69116,-0.6391862770450824,8.01,-4628.714107365793,67630,35400,5520,16710,3571,homedepot_cargo_van,1,C_donate_recycle E_dump_run F_special_items
5x5,HIGH disposal / rental vehicle,30000,50000,-16022,-16022,-33422,-45022,-62422,-0.27444330250085647,11.6,-1381.2068965517242,67630,35400,5520,16710,7142,homedepot_cargo_van,1,C_donate_recycle E_dump_run F_special_items
5x5,HIGH disposal / rental vehicle,30000,75000,5032,5032,-17738,-32918,-55688,0.08564377499787253,15.18,331.48880105401844,67630,35400,5520,16710,10713,homedepot_cargo_van,1,C_donate_recycle E_dump_run F_special_items
5x5,HIGH disposal / rental vehicle,30000,100000,26086,26086,-2054,-20814,-48954,0.44116353796719093,18.76,1390.5117270788912,67630,35400,5520,16710,14284,homedepot_cargo_van,1,C_donate_recycle E_dump_run F_special_items
5x5,HIGH disposal / rental vehicle,30000,150000,68194,68194,28924,2744,-36526,1.1388443553774215,26.18,2604.812834224599,67630,35400,5520,16710,21426,homedepot_cargo_van,1,C_donate_recycle E_dump_run F_special_items
5x5,HIGH disposal / rental vehicle,30000,200000,110302,110302,60277,26927,-23098,1.8192643905657266,33.35,3307.406296851574,67630,35400,5520,16710,28568,homedepot_cargo_van,1,C_donate_recycle E_dump_run F_special_items
5x5,HIGH disposal / rental vehicle,30000,300000,194518,194518,122623,74693,2798,3.1308224690165782,47.93,4058.37679949927,67630,35400,5520,16710,42852,homedepot_cargo_van,1,C_donate_recycle E_dump_run F_special_items
5x5,HIGH disposal / rental vehicle,50000,25000,-60676,-60676,-72691,-80701,-92716,-0.7435328717603088,8.01,-7575.031210986267,91230,59000,5520,16710,3571,homedepot_cargo_van,1,C_donate_recycle E_dump_run F_special_items
5x5,HIGH disposal / rental vehicle,50000,50000,-39622,-39622,-57022,-68622,-86022,-0.4833130031715052,11.6,-3415.689655172414,91230,59000,5520,16710,7142,homedepot_cargo_van,1,C_donate_recycle E_dump_run F_special_items
5x5,HIGH disposal / rental vehicle,50000,75000,-18568,-18568,-41338,-56518,-79288,-0.22546293485520005,15.18,-1223.1884057971015,91230,59000,5520,16710,10713,homedepot_cargo_van,1,C_donate_recycle E_dump_run F_special_items
5x5,HIGH disposal / rental vehicle,50000,100000,2486,2486,-25654,-44414,-72554,0.030049558805753655,18.76,132.51599147121533,91230,59000,5520,16710,14284,homedepot_cargo_van,1,C_donate_recycle E_dump_run F_special_items
5x5,HIGH disposal / rental vehicle,50000,150000,44594,44594,5324,-20856,-60126,0.5341878294202204,26.18,1703.361344537815,91230,59000,5520,16710,21426,homedepot_cargo_van,1,C_donate_recycle E_dump_run F_special_items
5x5,HIGH disposal / rental vehicle,50000,200000,86702,86702,36677,3327,-46698,1.0293482132256915,33.35,2599.7601199400297,91230,59000,5520,16710,28568,homedepot_cargo_van,1,C_donate_recycle E_dump_run F_special_items
5x5,HIGH disposal / rental vehicle,50000,300000,170918,170918,99023,51093,-20802,1.9936778257319492,47.93,3565.992071771333,91230,59000,5520,16710,42852,homedepot_cargo_van,1,C_donate_recycle E_dump_run F_special_items
5x10,LOW disposal / borrowed SUV,0,25000,15954,15954,1494,-8146,-22606,3.2068341708542714,9.64,1654.9792531120331,14600,0,2820,1780,3571,friend_suv,3,C_donate_recycle D_small_paid
5x10,LOW disposal / borrowed SUV,0,50000,37008,37008,17163,3933,-15912,6.917383177570094,13.23,2797.2789115646256,14600,0,2820,1780,7142,friend_suv,3,C_donate_recycle D_small_paid
5x10,LOW disposal / borrowed SUV,0,75000,58062,58062,32847,16037,-9178,10.141834061135372,16.81,3454.0154669839385,14600,0,2820,1780,10713,friend_suv,3,C_donate_recycle D_small_paid
5x10,LOW disposal / borrowed SUV,0,100000,79116,79116,48531,28141,-2444,12.969836065573771,20.39,3880.1373222167726,14600,0,2820,1780,14284,friend_suv,3,C_donate_recycle D_small_paid
5x10,LOW disposal / borrowed SUV,0,150000,121224,121224,79509,51699,9984,17.696934306569343,27.81,4359.007551240561,14600,0,2820,1780,21426,friend_suv,3,C_donate_recycle D_small_paid
5x10,LOW disposal / borrowed SUV,0,200000,163332,163332,110862,75882,23412,21.49105263157895,34.98,4669.296740994854,14600,0,2820,1780,28568,friend_suv,3,C_donate_recycle D_small_paid
5x10,LOW disposal / borrowed SUV,0,300000,247548,247548,173208,123648,49308,27.203076923076924,49.56,4994.915254237288,14600,0,2820,1780,42852,friend_suv,3,C_donate_recycle D_small_paid
5x10,LOW disposal / borrowed SUV,5000,25000,9954,9954,-4506,-14146,-28606,0.9069703872437358,9.64,1032.5726141078837,20600,6000,2820,1780,3571,friend_suv,3,C_donate_recycle D_small_paid
5x10,LOW disposal / borrowed SUV,5000,50000,31008,31008,11163,-2067,-21912,2.7319823788546254,13.23,2343.764172335601,20600,6000,2820,1780,7142,friend_suv,3,C_donate_recycle D_small_paid
5x10,LOW disposal / borrowed SUV,5000,75000,52062,52062,26847,10037,-15178,4.440255863539446,16.81,3097.08506841166,20600,6000,2820,1780,10713,friend_suv,3,C_donate_recycle D_small_paid
5x10,LOW disposal / borrowed SUV,5000,100000,73116,73116,42531,22141,-8444,6.042644628099174,20.39,3585.8754291319274,20600,6000,2820,1780,14284,friend_suv,3,C_donate_recycle D_small_paid
5x10,LOW disposal / borrowed SUV,5000,150000,115224,115224,73509,45699,3984,8.966848249027237,27.81,4143.257820927724,20600,6000,2820,1780,21426,friend_suv,3,C_donate_recycle D_small_paid
5x10,LOW disposal / borrowed SUV,5000,200000,157332,157332,104862,69882,17412,11.568529411764706,34.98,4497.770154373929,20600,6000,2820,1780,28568,friend_suv,3,C_donate_recycle D_small_paid
5x10,LOW disposal / borrowed SUV,5000,300000,241548,241548,167208,117648,43308,15.996556291390728,49.56,4873.849878934624,20600,6000,2820,1780,42852,friend_suv,3,C_donate_recycle D_small_paid
5x10,LOW disposal / borrowed SUV,10000,25000,4154,4154,-10306,-19946,-34406,0.24763040238450074,9.64,430.9128630705394,26400,11800,2820,1780,3571,friend_suv,3,C_donate_recycle D_small_paid
5x10,LOW disposal / borrowed SUV,10000,50000,25208,25208,5363,-7867,-27712,1.4698542274052477,13.23,1905.3665910808768,26400,11800,2820,1780,7142,friend_suv,3,C_donate_recycle D_small_paid
5x10,LOW disposal / borrowed SUV,10000,75000,46262,46262,21047,4237,-20978,2.639771754636234,16.81,2752.0523497917907,26400,11800,2820,1780,10713,friend_suv,3,C_donate_recycle D_small_paid
5x10,LOW disposal / borrowed SUV,10000,100000,67316,67316,36731,16341,-14244,3.7606703910614527,20.39,3301.422265816577,26400,11800,2820,1780,14284,friend_suv,3,C_donate_recycle D_small_paid
5x10,LOW disposal / borrowed SUV,10000,150000,109424,109424,67709,39899,-1816,5.867238605898123,27.81,3934.6997482919815,26400,11800,2820,1780,21426,friend_suv,3,C_donate_recycle D_small_paid
5x10,LOW disposal / borrowed SUV,10000,200000,151532,151532,99062,64082,11612,7.8109278350515465,34.98,4331.961120640366,26400,11800,2820,1780,28568,friend_suv,3,C_donate_recycle D_small_paid
5x10,LOW disposal / borrowed SUV,10000,300000,235748,235748,161408,111848,37508,11.279808612440192,49.56,4756.82001614205,26400,11800,2820,1780,42852,friend_suv,3,C_donate_recycle D_small_paid
5x10,LOW disposal / borrowed SUV,15000,25000,-1746,-1746,-16206,-25846,-40306,-0.07700110253583241,9.64,-181.12033195020746,32300,17700,2820,1780,3571,friend_suv,3,C_donate_recycle D_small_paid
5x10,LOW disposal / borrowed SUV,15000,50000,19308,19308,-537,-13767,-33612,0.8376572668112798,13.23,1459.4104308390022,32300,17700,2820,1780,7142,friend_suv,3,C_donate_recycle D_small_paid
5x10,LOW disposal / borrowed SUV,15000,75000,40362,40362,15147,-1663,-26878,1.7230309498399146,16.81,2401.070791195717,32300,17700,2820,1780,10713,friend_suv,3,C_donate_recycle D_small_paid
5x10,LOW disposal / borrowed SUV,15000,100000,61416,61416,30831,10441,-20144,2.580504201680672,20.39,3012.0647376164784,32300,17700,2820,1780,14284,friend_suv,3,C_donate_recycle D_small_paid
5x10,LOW disposal / borrowed SUV,15000,150000,103524,103524,61809,33999,-7716,4.216863543788187,27.81,3722.5458468176917,32300,17700,2820,1780,21426,friend_suv,3,C_donate_recycle D_small_paid
5x10,LOW disposal / borrowed SUV,15000,200000,145632,145632,93162,58182,5712,5.756205533596838,34.98,4163.293310463122,32300,17700,2820,1780,28568,friend_suv,3,C_donate_recycle D_small_paid
5x10,LOW disposal / borrowed SUV,15000,300000,229848,229848,155508,105948,31608,8.576417910447761,49.56,4637.772397094431,32300,17700,2820,1780,42852,friend_suv,3,C_donate_recycle D_small_paid
5x10,LOW disposal / borrowed SUV,20000,25000,-7646,-7646,-22106,-31746,-46206,-0.2675765529308836,9.64,-793.1535269709543,38200,23600,2820,1780,3571,friend_suv,3,C_donate_recycle D_small_paid
5x10,LOW disposal / borrowed SUV,20000,50000,13408,13408,-6437,-19667,-39512,0.4631433506044905,13.23,1013.4542705971277,38200,23600,2820,1780,7142,friend_suv,3,C_donate_recycle D_small_paid
5x10,LOW disposal / borrowed SUV,20000,75000,34462,34462,9247,-7563,-32778,1.1751747655583973,16.81,2050.0892325996433,38200,23600,2820,1780,10713,friend_suv,3,C_donate_recycle D_small_paid
5x10,LOW disposal / borrowed SUV,20000,100000,55516,55516,24931,4541,-26044,1.8692255892255891,20.39,2722.7072094163805,38200,23600,2820,1780,14284,friend_suv,3,C_donate_recycle D_small_paid
5x10,LOW disposal / borrowed SUV,20000,150000,97624,97624,55909,28099,-13616,3.2060426929392447,27.81,3510.391945343402,38200,23600,2820,1780,21426,friend_suv,3,C_donate_recycle D_small_paid
5x10,LOW disposal / borrowed SUV,20000,200000,139732,139732,87262,52282,-188,4.478589743589744,34.98,3994.625500285878,38200,23600,2820,1780,28568,friend_suv,3,C_donate_recycle D_small_paid
5x10,LOW disposal / borrowed SUV,20000,300000,223948,223948,149608,100048,25708,6.848562691131498,49.56,4518.7247780468115,38200,23600,2820,1780,42852,friend_suv,3,C_donate_recycle D_small_paid
5x10,LOW disposal / borrowed SUV,30000,25000,-19446,-19446,-33906,-43546,-58006,-0.4816346749226006,9.64,-2017.219917012448,50000,35400,2820,1780,3571,friend_suv,3,C_donate_recycle D_small_paid
5x10,LOW disposal / borrowed SUV,30000,50000,1608,1608,-18237,-31467,-51312,0.0394601226993865,13.23,121.54195011337868,50000,35400,2820,1780,7142,friend_suv,3,C_donate_recycle D_small_paid
5x10,LOW disposal / borrowed SUV,30000,75000,22662,22662,-2553,-19363,-44578,0.5510516717325228,16.81,1348.1261154074957,50000,35400,2820,1780,10713,friend_suv,3,C_donate_recycle D_small_paid
5x10,LOW disposal / borrowed SUV,30000,100000,43716,43716,13131,-7259,-37844,1.0533975903614459,20.39,2143.992153016184,50000,35400,2820,1780,14284,friend_suv,3,C_donate_recycle D_small_paid
5x10,LOW disposal / borrowed SUV,30000,150000,85824,85824,44109,16299,-25416,2.0313372781065087,27.81,3086.0841423948223,50000,35400,2820,1780,21426,friend_suv,3,C_donate_recycle D_small_paid
5x10,LOW disposal / borrowed SUV,30000,200000,127932,127932,75462,40482,-11988,2.9751627906976745,34.98,3657.28987993139,50000,35400,2820,1780,28568,friend_suv,3,C_donate_recycle D_small_paid
5x10,LOW disposal / borrowed SUV,30000,300000,212148,212148,137808,88248,13908,4.767370786516854,49.56,4280.629539951574,50000,35400,2820,1780,42852,friend_suv,3,C_donate_recycle D_small_paid
5x10,LOW disposal / borrowed SUV,50000,25000,-43046,-43046,-57506,-67146,-81606,-0.6728565846033607,9.64,-4465.352697095435,73600,59000,2820,1780,3571,friend_suv,3,C_donate_recycle D_small_paid
5x10,LOW disposal / borrowed SUV,50000,50000,-21992,-21992,-41837,-55067,-74912,-0.34175602175602177,13.23,-1662.2826908541194,73600,59000,2820,1780,7142,friend_suv,3,C_donate_recycle D_small_paid
5x10,LOW disposal / borrowed SUV,50000,75000,-938,-938,-26153,-42963,-68178,-0.014492081884897643,16.81,-55.80011897679953,73600,59000,2820,1780,10713,friend_suv,3,C_donate_recycle D_small_paid
5x10,LOW disposal / borrowed SUV,50000,100000,20116,20116,-10469,-30859,-61444,0.30900153609831027,20.39,986.5620402157921,73600,59000,2820,1780,14284,friend_suv,3,C_donate_recycle D_small_paid
5x10,LOW disposal / borrowed SUV,50000,150000,62224,62224,20509,-7301,-49016,0.9449354593773728,27.81,2237.4685364976626,73600,59000,2820,1780,21426,friend_suv,3,C_donate_recycle D_small_paid
5x10,LOW disposal / borrowed SUV,50000,200000,104332,104332,51862,16882,-35588,1.5665465465465465,34.98,2982.618639222413,73600,59000,2820,1780,28568,friend_suv,3,C_donate_recycle D_small_paid
5x10,LOW disposal / borrowed SUV,50000,300000,188548,188548,114208,64648,-9692,2.768693098384728,49.56,3804.4390637610973,73600,59000,2820,1780,42852,friend_suv,3,C_donate_recycle D_small_paid
5x10,LOW disposal / rental van,0,25000,9547,9547,-1913,-9553,-21013,0.8387805306624495,7.64,1249.607329842932,21007,0,9227,1780,3571,uhaul_cargo_van,1,C_donate_recycle D_small_paid
5x10,LOW disposal / rental van,0,50000,30601,30601,13756,2526,-14319,2.6027898273369057,11.23,2724.93321460374,21007,0,9227,1780,7142,uhaul_cargo_van,1,C_donate_recycle D_small_paid
5x10,LOW disposal / rental van,0,75000,51655,51655,29440,14630,-7585,4.257748104187273,14.81,3487.8460499662388,21007,0,9227,1780,10713,uhaul_cargo_van,1,C_donate_recycle D_small_paid
5x10,LOW disposal / rental van,0,100000,72709,72709,45124,26734,-851,5.8134644599024545,18.39,3953.7248504622075,21007,0,9227,1780,14284,uhaul_cargo_van,1,C_donate_recycle D_small_paid
5x10,LOW disposal / rental van,0,150000,114817,114817,76102,50292,11577,8.660858414422568,25.81,4448.547074777219,21007,0,9227,1780,21426,uhaul_cargo_van,1,C_donate_recycle D_small_paid
5x10,LOW disposal / rental van,0,200000,156925,156925,107455,74475,25005,11.203326907974585,32.98,4758.186779866586,21007,0,9227,1780,28568,uhaul_cargo_van,1,C_donate_recycle D_small_paid
5x10,LOW disposal / rental van,0,300000,241141,241141,169801,122241,50901,15.550461082091958,47.56,5070.2481076534905,21007,0,9227,1780,42852,uhaul_cargo_van,1,C_donate_recycle D_small_paid
5x10,LOW disposal / rental van,5000,25000,3547,3547,-7913,-15553,-27013,0.20406167299505235,7.64,464.2670157068063,27007,6000,9227,1780,3571,uhaul_cargo_van,1,C_donate_recycle D_small_paid
5x10,LOW disposal / rental van,5000,50000,24601,24601,7756,-3474,-20319,1.385425466013403,11.23,2190.6500445235974,27007,6000,9227,1780,7142,uhaul_cargo_van,1,C_donate_recycle D_small_paid
5x10,LOW disposal / rental van,5000,75000,45655,45655,23440,8630,-13585,2.517924112067064,14.81,3082.7143821742065,27007,6000,9227,1780,10713,uhaul_cargo_van,1,C_donate_recycle D_small_paid
5x10,LOW disposal / rental van,5000,100000,66709,66709,39124,20734,-6851,3.604528016426217,18.39,3627.460576400217,27007,6000,9227,1780,14284,uhaul_cargo_van,1,C_donate_recycle D_small_paid
5x10,LOW disposal / rental van,5000,150000,108817,108817,70102,44292,5577,5.650776341070779,25.81,4216.07903913212,27007,6000,9227,1780,21426,uhaul_cargo_van,1,C_donate_recycle D_small_paid
5x10,LOW disposal / rental van,5000,200000,150925,150925,101455,68475,19005,7.543609736592193,32.98,4576.258338386901,27007,6000,9227,1780,28568,uhaul_cargo_van,1,C_donate_recycle D_small_paid
5x10,LOW disposal / rental van,5000,300000,235141,235141,163801,116241,44901,10.9332310410564,47.56,4944.091673675357,27007,6000,9227,1780,42852,uhaul_cargo_van,1,C_donate_recycle D_small_paid
5x10,LOW disposal / rental van,10000,25000,-2253,-2253,-13713,-21353,-32813,-0.09718747303942714,7.64,-294.8952879581152,32807,11800,9227,1780,3571,uhaul_cargo_van,1,C_donate_recycle D_small_paid
5x10,LOW disposal / rental van,10000,50000,18801,18801,1956,-9274,-26119,0.7981067198709513,11.23,1674.1763134461264,32807,11800,9227,1780,7142,uhaul_cargo_van,1,C_donate_recycle D_small_paid
5x10,LOW disposal / rental van,10000,75000,39855,39855,17640,2830,-19385,1.665343473173993,14.81,2691.087103308575,32807,11800,9227,1780,10713,uhaul_cargo_van,1,C_donate_recycle D_small_paid
5x10,LOW disposal / rental van,10000,100000,60909,60909,33324,14934,-12651,2.5058213683301105,18.39,3312.0717781402936,32807,11800,9227,1780,14284,uhaul_cargo_van,1,C_donate_recycle D_small_paid
5x10,LOW disposal / rental van,10000,150000,103017,103017,64302,38492,-223,4.111306221814264,25.81,3991.359938008524,32807,11800,9227,1780,21426,uhaul_cargo_van,1,C_donate_recycle D_small_paid
5x10,LOW disposal / rental van,10000,200000,145125,145125,95655,62675,13205,5.623474251172163,32.98,4400.394178289873,32807,11800,9227,1780,28568,uhaul_cargo_van,1,C_donate_recycle D_small_paid
5x10,LOW disposal / rental van,10000,300000,229341,229341,158001,110441,39101,8.39861573955396,47.56,4822.140454163162,32807,11800,9227,1780,42852,uhaul_cargo_van,1,C_donate_recycle D_small_paid
5x10,LOW disposal / rental van,15000,25000,-8153,-8153,-19613,-27253,-38713,-0.2803452307269101,7.64,-1067.1465968586388,38707,17700,9227,1780,3571,uhaul_cargo_van,1,C_donate_recycle D_small_paid
5x10,LOW disposal / rental van,15000,50000,12901,12901,-3944,-15174,-32019,0.43796041687884035,11.23,1148.7978628673197,38707,17700,9227,1780,7142,uhaul_cargo_van,1,C_donate_recycle D_small_paid
5x10,LOW disposal / rental van,15000,75000,33955,33955,11740,-3070,-25285,1.1382072941807455,14.81,2292.707629979743,38707,17700,9227,1780,10713,uhaul_cargo_van,1,C_donate_recycle D_small_paid
5x10,LOW disposal / rental van,15000,100000,55009,55009,27424,9034,-18551,1.8210679643791174,18.39,2991.2452419793367,38707,17700,9227,1780,14284,uhaul_cargo_van,1,C_donate_recycle D_small_paid
5x10,LOW disposal / rental van,15000,150000,97117,97117,58402,32592,-6123,3.1371579933456086,25.81,3762.766369624177,38707,17700,9227,1780,21426,uhaul_cargo_van,1,C_donate_recycle D_small_paid
5x10,LOW disposal / rental van,15000,200000,139225,139225,89755,56775,7305,4.390986217554484,32.98,4221.497877501516,38707,17700,9227,1780,28568,uhaul_cargo_van,1,C_donate_recycle D_small_paid
5x10,LOW disposal / rental van,15000,300000,223441,223441,152101,104541,33201,6.7287318938777965,47.56,4698.086627417998,38707,17700,9227,1780,42852,uhaul_cargo_van,1,C_donate_recycle D_small_paid
5x10,LOW disposal / rental van,20000,25000,-14053,-14053,-25513,-33153,-44613,-0.4017208850265851,7.64,-1839.3979057591623,44607,23600,9227,1780,3571,uhaul_cargo_van,1,C_donate_recycle D_small_paid
5x10,LOW disposal / rental van,20000,50000,7001,7001,-9844,-21074,-37919,0.198008880843963,11.23,623.419412288513,44607,23600,9227,1780,7142,uhaul_cargo_van,1,C_donate_recycle D_small_paid
5x10,LOW disposal / rental van,20000,75000,28055,28055,5840,-8970,-31185,0.7851505653196015,14.81,1894.3281566509115,44607,23600,9227,1780,10713,uhaul_cargo_van,1,C_donate_recycle D_small_paid
5x10,LOW disposal / rental van,20000,100000,49109,49109,21524,3134,-24451,1.3600963802032846,18.39,2670.4187058183793,44607,23600,9227,1780,14284,uhaul_cargo_van,1,C_donate_recycle D_small_paid
5x10,LOW disposal / rental van,20000,150000,91217,91217,52502,26692,-12023,2.4748894375559596,25.81,3534.17280123983,44607,23600,9227,1780,21426,uhaul_cargo_van,1,C_donate_recycle D_small_paid
5x10,LOW disposal / rental van,20000,200000,133325,133325,83855,50875,1405,3.5452176456510758,32.98,4042.60157671316,44607,23600,9227,1780,28568,uhaul_cargo_van,1,C_donate_recycle D_small_paid
5x10,LOW disposal / rental van,20000,300000,217541,217541,146201,98641,27301,5.562712557854093,47.56,4574.032800672834,44607,23600,9227,1780,42852,uhaul_cargo_van,1,C_donate_recycle D_small_paid
5x10,LOW disposal / rental van,30000,25000,-25853,-25853,-37313,-44953,-56413,-0.5526270787909879,7.64,-3383.9005235602094,56407,35400,9227,1780,3571,uhaul_cargo_van,1,C_donate_recycle D_small_paid
5x10,LOW disposal / rental van,30000,50000,-4799,-4799,-21644,-32874,-49719,-0.10176643976504018,11.23,-427.3374888691006,56407,35400,9227,1780,7142,uhaul_cargo_van,1,C_donate_recycle D_small_paid
5x10,LOW disposal / rental van,30000,75000,16255,16255,-5960,-20770,-42985,0.3419801396953631,14.81,1097.5692099932478,56407,35400,9227,1780,10713,uhaul_cargo_van,1,C_donate_recycle D_small_paid
5x10,LOW disposal / rental van,30000,100000,37309,37309,9724,-8666,-36251,0.7787797190389714,18.39,2028.7656334964654,56407,35400,9227,1780,14284,uhaul_cargo_van,1,C_donate_recycle D_small_paid
5x10,LOW disposal / rental van,30000,150000,79417,79417,40702,14892,-23823,1.6321803645929671,25.81,3076.9856644711354,56407,35400,9227,1780,21426,uhaul_cargo_van,1,C_donate_recycle D_small_paid
5x10,LOW disposal / rental van,30000,200000,121525,121525,72055,39075,-10395,2.459671706438359,32.98,3684.808975136447,56407,35400,9227,1780,28568,uhaul_cargo_van,1,C_donate_recycle D_small_paid
5x10,LOW disposal / rental van,30000,300000,205741,205741,134401,86841,15501,4.041507061897185,47.56,4325.925147182506,56407,35400,9227,1780,42852,uhaul_cargo_van,1,C_donate_recycle D_small_paid
5x10,LOW disposal / rental van,50000,25000,-49453,-49453,-60913,-68553,-80013,-0.7026370378790031,7.64,-6472.905759162304,80007,59000,9227,1780,3571,uhaul_cargo_van,1,C_donate_recycle D_small_paid
5x10,LOW disposal / rental van,50000,50000,-28399,-28399,-45244,-56474,-73319,-0.40135958279746176,11.23,-2528.8512911843277,80007,59000,9227,1780,7142,uhaul_cargo_van,1,C_donate_recycle D_small_paid
5x10,LOW disposal / rental van,50000,75000,-7345,-7345,-29560,-44370,-66585,-0.10325873024798965,14.81,-495.94868332207966,80007,59000,9227,1780,10713,uhaul_cargo_van,1,C_donate_recycle D_small_paid
5x10,LOW disposal / rental van,50000,100000,13709,13709,-13876,-32266,-59851,0.1917154963849693,18.39,745.4594888526373,80007,59000,9227,1780,14284,uhaul_cargo_van,1,C_donate_recycle D_small_paid
5x10,LOW disposal / rental van,50000,150000,55817,55817,17102,-8708,-47423,0.7724787909821885,25.81,2162.611390933747,80007,59000,9227,1780,21426,uhaul_cargo_van,1,C_donate_recycle D_small_paid
5x10,LOW disposal / rental van,50000,200000,97925,97925,48455,15475,-33995,1.341309737422439,32.98,2969.2237719830205,80007,59000,9227,1780,28568,uhaul_cargo_van,1,C_donate_recycle D_small_paid
5x10,LOW disposal / rental van,50000,300000,182141,182141,110801,63241,-8099,2.444615942126243,47.56,3829.70984020185,80007,59000,9227,1780,42852,uhaul_cargo_van,1,C_donate_recycle D_small_paid
5x10,MEDIUM disposal / borrowed vehicle,0,25000,-1346,-1346,-19286,-31246,-49186,-0.060426487093153756,11.96,-112.54180602006689,31900,0,3420,18480,3571,friend_suv,4,C_donate_recycle E_dump_run F_special_items
5x10,MEDIUM disposal / borrowed vehicle,0,50000,19708,19708,-3617,-19167,-42492,0.8701103752759382,15.55,1267.395498392283,31900,0,3420,18480,7142,friend_suv,4,C_donate_recycle E_dump_run F_special_items
5x10,MEDIUM disposal / borrowed vehicle,0,75000,40762,40762,12067,-7063,-35758,1.7703365906623236,19.13,2130.7893361212755,31900,0,3420,18480,10713,friend_suv,4,C_donate_recycle E_dump_run F_special_items
5x10,MEDIUM disposal / borrowed vehicle,0,100000,61816,61816,27751,5041,-29024,2.641709401709402,22.71,2721.972699251431,31900,0,3420,18480,14284,friend_suv,4,C_donate_recycle E_dump_run F_special_items
5x10,MEDIUM disposal / borrowed vehicle,0,150000,103924,103924,58729,28599,-16596,4.303271221532091,30.13,3449.186856953203,31900,0,3420,18480,21426,friend_suv,4,C_donate_recycle E_dump_run F_special_items
5x10,MEDIUM disposal / borrowed vehicle,0,200000,146032,146032,90082,52782,-3168,5.864738955823293,37.3,3915.0670241286866,31900,0,3420,18480,28568,friend_suv,4,C_donate_recycle E_dump_run F_special_items
5x10,MEDIUM disposal / borrowed vehicle,0,300000,230248,230248,152428,100548,22728,8.72151515151515,51.88,4438.087895142637,31900,0,3420,18480,42852,friend_suv,4,C_donate_recycle E_dump_run F_special_items
5x10,MEDIUM disposal / borrowed vehicle,5000,25000,-7346,-7346,-25286,-37246,-55186,-0.2598054818744474,11.96,-614.2140468227424,37900,6000,3420,18480,3571,friend_suv,4,C_donate_recycle E_dump_run F_special_items
5x10,MEDIUM disposal / borrowed vehicle,5000,50000,13708,13708,-9617,-25167,-48492,0.47846422338568934,15.55,881.5434083601285,37900,6000,3420,18480,7142,friend_suv,4,C_donate_recycle E_dump_run F_special_items
5x10,MEDIUM disposal / borrowed vehicle,5000,75000,34762,34762,6067,-13063,-41758,1.1976571920757968,19.13,1817.1458442237324,37900,6000,3420,18480,10713,friend_suv,4,C_donate_recycle E_dump_run F_special_items
5x10,MEDIUM disposal / borrowed vehicle,5000,100000,55816,55816,21751,-959,-35024,1.8985034013605442,22.71,2457.771906649053,37900,6000,3420,18480,14284,friend_suv,4,C_donate_recycle E_dump_run F_special_items
5x10,MEDIUM disposal / borrowed vehicle,5000,150000,97924,97924,52729,22599,-22596,3.247893864013267,30.13,3250.049784268171,37900,6000,3420,18480,21426,friend_suv,4,C_donate_recycle E_dump_run F_special_items
5x10,MEDIUM disposal / borrowed vehicle,5000,200000,140032,140032,84082,46782,-9168,4.531779935275081,37.3,3754.2091152815015,37900,6000,3420,18480,28568,friend_suv,4,C_donate_recycle E_dump_run F_special_items
5x10,MEDIUM disposal / borrowed vehicle,5000,300000,224248,224248,146428,94548,16728,6.921234567901235,51.88,4322.436391673092,37900,6000,3420,18480,42852,friend_suv,4,C_donate_recycle E_dump_run F_special_items
5x10,MEDIUM disposal / borrowed vehicle,10000,25000,-13146,-13146,-31086,-43046,-60986,-0.3857960381511372,11.96,-1099.163879598662,43700,11800,3420,18480,3571,friend_suv,4,C_donate_recycle E_dump_run F_special_items
5x10,MEDIUM disposal / borrowed vehicle,10000,50000,7908,7908,-15417,-30967,-54292,0.2295500725689405,15.55,508.5530546623794,43700,11800,3420,18480,7142,friend_suv,4,C_donate_recycle E_dump_run F_special_items
5x10,MEDIUM disposal / borrowed vehicle,10000,75000,28962,28962,267,-18863,-47558,0.8316439339554917,19.13,1513.9571353894407,43700,11800,3420,18480,10713,friend_suv,4,C_donate_recycle E_dump_run F_special_items
5x10,MEDIUM disposal / borrowed vehicle,10000,100000,50016,50016,15951,-6759,-40824,1.420909090909091,22.71,2202.3778071334214,43700,11800,3420,18480,14284,friend_suv,4,C_donate_recycle E_dump_run F_special_items
5x10,MEDIUM disposal / borrowed vehicle,10000,150000,92124,92124,46929,16799,-28396,2.562559109874826,30.13,3057.5506140059742,43700,11800,3420,18480,21426,friend_suv,4,C_donate_recycle E_dump_run F_special_items
5x10,MEDIUM disposal / borrowed vehicle,10000,200000,134232,134232,78282,40982,-14968,3.6575476839237058,37.3,3598.7131367292227,43700,11800,3420,18480,28568,friend_suv,4,C_donate_recycle E_dump_run F_special_items
5x10,MEDIUM disposal / borrowed vehicle,10000,300000,218448,218448,140628,88748,10928,5.718534031413612,51.88,4210.639938319198,43700,11800,3420,18480,42852,friend_suv,4,C_donate_recycle E_dump_run F_special_items
5x10,MEDIUM disposal / borrowed vehicle,15000,25000,-19046,-19046,-36986,-48946,-66886,-0.476447779862414,11.96,-1592.4749163879599,49600,17700,3420,18480,3571,friend_suv,4,C_donate_recycle E_dump_run F_special_items
5x10,MEDIUM disposal / borrowed vehicle,15000,50000,2008,2008,-21317,-36867,-60192,0.04976456009913259,15.55,129.13183279742765,49600,17700,3420,18480,7142,friend_suv,4,C_donate_recycle E_dump_run F_special_items
5x10,MEDIUM disposal / borrowed vehicle,15000,75000,23062,23062,-5633,-24763,-53458,0.5662860650705954,19.13,1205.5410350235234,49600,17700,3420,18480,10713,friend_suv,4,C_donate_recycle E_dump_run F_special_items
5x10,MEDIUM disposal / borrowed vehicle,15000,100000,44116,44116,10051,-12659,-46724,1.07338199513382,22.71,1942.5803610744165,49600,17700,3420,18480,14284,friend_suv,4,C_donate_recycle E_dump_run F_special_items
5x10,MEDIUM disposal / borrowed vehicle,15000,150000,86224,86224,41029,10899,-34296,2.060310633213859,30.13,2861.73249253236,49600,17700,3420,18480,21426,friend_suv,4,C_donate_recycle E_dump_run F_special_items
5x10,MEDIUM disposal / borrowed vehicle,15000,200000,128332,128332,72382,35082,-20868,3.0124882629107983,37.3,3440.5361930294907,49600,17700,3420,18480,28568,friend_suv,4,C_donate_recycle E_dump_run F_special_items
5x10,MEDIUM disposal / borrowed vehicle,15000,300000,212548,212548,134728,82848,5028,4.81968253968254,51.88,4096.915959907478,49600,17700,3420,18480,42852,friend_suv,4,C_donate_recycle E_dump_run F_special_items
5x10,MEDIUM disposal / borrowed vehicle,20000,25000,-24946,-24946,-42886,-54846,-72786,-0.5437820163487739,11.96,-2085.7859531772574,55500,23600,3420,18480,3571,friend_suv,4,C_donate_recycle E_dump_run F_special_items
5x10,MEDIUM disposal / borrowed vehicle,20000,50000,-3892,-3892,-27217,-42767,-66092,-0.08415135135135135,15.55,-250.2893890675241,55500,23600,3420,18480,7142,friend_suv,4,C_donate_recycle E_dump_run F_special_items
5x10,MEDIUM disposal / borrowed vehicle,20000,75000,17162,17162,-11533,-30663,-59358,0.3680857908847185,19.13,897.1249346576059,55500,23600,3420,18480,10713,friend_suv,4,C_donate_recycle E_dump_run F_special_items
5x10,MEDIUM disposal / borrowed vehicle,20000,100000,38216,38216,4151,-18559,-52624,0.8131063829787234,22.71,1682.7829150154116,55500,23600,3420,18480,14284,friend_suv,4,C_donate_recycle E_dump_run F_special_items
5x10,MEDIUM disposal / borrowed vehicle,20000,150000,80324,80324,35129,4999,-40196,1.6821780104712043,30.13,2665.9143710587455,55500,23600,3420,18480,21426,friend_suv,4,C_donate_recycle E_dump_run F_special_items
5x10,MEDIUM disposal / borrowed vehicle,20000,200000,122432,122432,66482,29182,-26768,2.5243711340206185,37.3,3282.3592493297588,55500,23600,3420,18480,28568,friend_suv,4,C_donate_recycle E_dump_run F_special_items
5x10,MEDIUM disposal / borrowed vehicle,20000,300000,206648,206648,128828,76948,-872,4.13296,51.88,3983.191981495759,55500,23600,3420,18480,42852,friend_suv,4,C_donate_recycle E_dump_run F_special_items
5x10,MEDIUM disposal / borrowed vehicle,30000,25000,-36746,-36746,-54686,-66646,-84586,-0.6371218032076289,11.96,-3072.4080267558525,67300,35400,3420,18480,3571,friend_suv,4,C_donate_recycle E_dump_run F_special_items
5x10,MEDIUM disposal / borrowed vehicle,30000,50000,-15692,-15692,-39017,-54567,-77892,-0.27031869078380705,15.55,-1009.1318327974276,67300,35400,3420,18480,7142,friend_suv,4,C_donate_recycle E_dump_run F_special_items
5x10,MEDIUM disposal / borrowed vehicle,30000,75000,5362,5362,-23333,-42463,-71158,0.09177578091570389,19.13,280.2927339257711,67300,35400,3420,18480,10713,friend_suv,4,C_donate_recycle E_dump_run F_special_items
5x10,MEDIUM disposal / borrowed vehicle,30000,100000,26416,26416,-7649,-30359,-64424,0.4492517006802721,22.71,1163.1880228974019,67300,35400,3420,18480,14284,friend_suv,4,C_donate_recycle E_dump_run F_special_items
5x10,MEDIUM disposal / borrowed vehicle,30000,150000,68524,68524,23329,-6801,-51996,1.1506968933669186,30.13,2274.2781281115167,67300,35400,3420,18480,21426,friend_suv,4,C_donate_recycle E_dump_run F_special_items
5x10,MEDIUM disposal / borrowed vehicle,30000,200000,110632,110632,54682,17382,-38568,1.8346932006633498,37.3,2966.0053619302953,67300,35400,3420,18480,28568,friend_suv,4,C_donate_recycle E_dump_run F_special_items
5x10,MEDIUM disposal / borrowed vehicle,30000,300000,194848,194848,117028,65148,-12672,3.1528802588996765,51.88,3755.7440246723204,67300,35400,3420,18480,42852,friend_suv,4,C_donate_recycle E_dump_run F_special_items
5x10,MEDIUM disposal / borrowed vehicle,50000,25000,-60346,-60346,-78286,-90246,-108186,-0.7424915410642879,11.96,-5045.652173913043,90900,59000,3420,18480,3571,friend_suv,4,C_donate_recycle E_dump_run F_special_items
5x10,MEDIUM disposal / borrowed vehicle,50000,50000,-39292,-39292,-62617,-78167,-101492,-0.48122473974280466,15.55,-2526.8167202572345,90900,59000,3420,18480,7142,friend_suv,4,C_donate_recycle E_dump_run F_special_items
5x10,MEDIUM disposal / borrowed vehicle,50000,75000,-18238,-18238,-46933,-66063,-94758,-0.22234684547394087,19.13,-953.3716675378986,90900,59000,3420,18480,10713,friend_suv,4,C_donate_recycle E_dump_run F_special_items
5x10,MEDIUM disposal / borrowed vehicle,50000,100000,2816,2816,-31249,-53959,-88024,0.0341747572815534,22.71,123.99823866138264,90900,59000,3420,18480,14284,friend_suv,4,C_donate_recycle E_dump_run F_special_items
5x10,MEDIUM disposal / borrowed vehicle,50000,150000,44924,44924,-271,-30401,-75596,0.5402766085387853,30.13,1491.0056422170594,90900,59000,3420,18480,21426,friend_suv,4,C_donate_recycle E_dump_run F_special_items
5x10,MEDIUM disposal / borrowed vehicle,50000,200000,87032,87032,31082,-6218,-62168,1.0373301549463647,37.3,2333.2975871313674,90900,59000,3420,18480,28568,friend_suv,4,C_donate_recycle E_dump_run F_special_items
5x10,MEDIUM disposal / borrowed vehicle,50000,300000,171248,171248,93428,41548,-36272,2.0052459016393445,51.88,3300.8481110254434,90900,59000,3420,18480,42852,friend_suv,4,C_donate_recycle E_dump_run F_special_items
5x10,MEDIUM disposal / rental vehicle,0,25000,-3266,-3266,-17456,-26916,-41106,-0.1349865674726183,9.46,-345.24312896405917,33820,0,7920,15900,3571,homedepot_cargo_van,2,C_donate_recycle E_dump_run F_special_items
5x10,MEDIUM disposal / rental vehicle,0,50000,17788,17788,-1787,-14837,-34412,0.723972323972324,13.05,1363.0651340996167,33820,0,7920,15900,7142,homedepot_cargo_van,2,C_donate_recycle E_dump_run F_special_items
5x10,MEDIUM disposal / rental vehicle,0,75000,38842,38842,13897,-2733,-27678,1.5571056323912609,16.63,2335.658448586891,33820,0,7920,15900,10713,homedepot_cargo_van,2,C_donate_recycle E_dump_run F_special_items
5x10,MEDIUM disposal / rental vehicle,0,100000,59896,59896,29581,9371,-20944,2.365560821484992,20.21,2963.681345868382,33820,0,7920,15900,14284,homedepot_cargo_van,2,C_donate_recycle E_dump_run F_special_items
5x10,MEDIUM disposal / rental vehicle,0,150000,102004,102004,60559,32929,-8516,3.9126965861143077,27.63,3691.7842924357583,33820,0,7920,15900,21426,homedepot_cargo_van,2,C_donate_recycle E_dump_run F_special_items
5x10,MEDIUM disposal / rental vehicle,0,200000,144112,144112,91912,57112,4912,5.373303504847129,34.8,4141.149425287356,33820,0,7920,15900,28568,homedepot_cargo_van,2,C_donate_recycle E_dump_run F_special_items
5x10,MEDIUM disposal / rental vehicle,0,300000,228328,228328,154258,104878,30808,8.062429378531073,49.38,4623.896314297286,33820,0,7920,15900,42852,homedepot_cargo_van,2,C_donate_recycle E_dump_run F_special_items
5x10,MEDIUM disposal / rental vehicle,5000,25000,-9266,-9266,-23456,-32916,-47106,-0.30687199867527737,9.46,-979.4926004228329,39820,6000,7920,15900,3571,homedepot_cargo_van,2,C_donate_recycle E_dump_run F_special_items
5x10,MEDIUM disposal / rental vehicle,5000,50000,11788,11788,-7787,-20837,-40412,0.3856068040562643,13.05,903.2950191570881,39820,6000,7920,15900,7142,homedepot_cargo_van,2,C_donate_recycle E_dump_run F_special_items
5x10,MEDIUM disposal / rental vehicle,5000,75000,32842,32842,7897,-8733,-33678,1.0613023105509776,16.63,1974.8647023451595,39820,6000,7920,15900,10713,homedepot_cargo_van,2,C_donate_recycle E_dump_run F_special_items
5x10,MEDIUM disposal / rental vehicle,5000,100000,53896,53896,23581,3371,-26944,1.7208173690932311,20.21,2666.7986145472537,39820,6000,7920,15900,14284,homedepot_cargo_van,2,C_donate_recycle E_dump_run F_special_items
5x10,MEDIUM disposal / rental vehicle,5000,150000,96004,96004,54559,26929,-14516,2.993576551294044,27.63,3474.6290264205577,39820,6000,7920,15900,21426,homedepot_cargo_van,2,C_donate_recycle E_dump_run F_special_items
5x10,MEDIUM disposal / rental vehicle,5000,200000,138112,138112,85912,51112,-1088,4.208165752589884,34.8,3968.7356321839084,39820,6000,7920,15900,28568,homedepot_cargo_van,2,C_donate_recycle E_dump_run F_special_items
5x10,MEDIUM disposal / rental vehicle,5000,300000,222328,222328,148258,98878,24808,6.478088578088578,49.38,4502.389631429728,39820,6000,7920,15900,42852,homedepot_cargo_van,2,C_donate_recycle E_dump_run F_special_items
5x10,MEDIUM disposal / rental vehicle,10000,25000,-15066,-15066,-29256,-38716,-52906,-0.41855813307403805,9.46,-1592.600422832981,45620,11800,7920,15900,3571,homedepot_cargo_van,2,C_donate_recycle E_dump_run F_special_items
5x10,MEDIUM disposal / rental vehicle,10000,50000,5988,5988,-13587,-26637,-46212,0.16464118779213638,13.05,458.85057471264366,45620,11800,7920,15900,7142,homedepot_cargo_van,2,C_donate_recycle E_dump_run F_special_items
5x10,MEDIUM disposal / rental vehicle,10000,75000,27042,27042,2097,-14533,-39478,0.7359368621581167,16.63,1626.0974143114854,45620,11800,7920,15900,10713,homedepot_cargo_van,2,C_donate_recycle E_dump_run F_special_items
5x10,MEDIUM disposal / rental vehicle,10000,100000,48096,48096,17781,-2429,-32744,1.2956896551724137,20.21,2379.8119742701633,45620,11800,7920,15900,14284,homedepot_cargo_van,2,C_donate_recycle E_dump_run F_special_items
5x10,MEDIUM disposal / rental vehicle,10000,150000,90204,90204,48759,21129,-20316,2.381938209664642,27.63,3264.71226927253,45620,11800,7920,15900,21426,homedepot_cargo_van,2,C_donate_recycle E_dump_run F_special_items
5x10,MEDIUM disposal / rental vehicle,10000,200000,132312,132312,80112,45312,-6888,3.425996892801657,34.8,3802.068965517242,45620,11800,7920,15900,28568,homedepot_cargo_van,2,C_donate_recycle E_dump_run F_special_items
5x10,MEDIUM disposal / rental vehicle,10000,300000,216528,216528,142458,93078,19008,5.397008973080758,49.38,4384.933171324423,45620,11800,7920,15900,42852,homedepot_cargo_van,2,C_donate_recycle E_dump_run F_special_items
5x10,MEDIUM disposal / rental vehicle,15000,25000,-20966,-20966,-35156,-44616,-58806,-0.5004415801408283,9.46,-2216.279069767442,51520,17700,7920,15900,3571,homedepot_cargo_van,2,C_donate_recycle E_dump_run F_special_items
5x10,MEDIUM disposal / rental vehicle,15000,50000,88,88,-19487,-32537,-52112,0.0020818547433167733,13.05,6.743295019157088,51520,17700,7920,15900,7142,homedepot_cargo_van,2,C_donate_recycle E_dump_run F_special_items
5x10,MEDIUM disposal / rental vehicle,15000,75000,21142,21142,-3803,-20433,-45378,0.4957673818736077,16.63,1271.3168971737823,51520,17700,7920,15900,10713,homedepot_cargo_van,2,C_donate_recycle E_dump_run F_special_items
5x10,MEDIUM disposal / rental vehicle,15000,100000,42196,42196,11881,-8329,-38644,0.9808461180846119,20.21,2087.877288471054,51520,17700,7920,15900,14284,homedepot_cargo_van,2,C_donate_recycle E_dump_run F_special_items
5x10,MEDIUM disposal / rental vehicle,15000,150000,84304,84304,42859,15229,-26216,1.9260680831619832,27.63,3051.176257690916,51520,17700,7920,15900,21426,homedepot_cargo_van,2,C_donate_recycle E_dump_run F_special_items
5x10,MEDIUM disposal / rental vehicle,15000,200000,126412,126412,74212,39412,-12788,2.839442946990117,34.8,3632.528735632184,51520,17700,7920,15900,28568,homedepot_cargo_van,2,C_donate_recycle E_dump_run F_special_items
5x10,MEDIUM disposal / rental vehicle,15000,300000,210628,210628,136558,87178,13108,4.576879617557584,49.38,4265.451599837991,51520,17700,7920,15900,42852,homedepot_cargo_van,2,C_donate_recycle E_dump_run F_special_items
5x10,MEDIUM disposal / rental vehicle,20000,25000,-26866,-26866,-41056,-50516,-64706,-0.5621090072183282,9.46,-2839.9577167019024,57420,23600,7920,15900,3571,homedepot_cargo_van,2,C_donate_recycle E_dump_run F_special_items
5x10,MEDIUM disposal / rental vehicle,20000,50000,-5812,-5812,-25387,-38437,-58012,-0.12065600996470832,13.05,-445.36398467432946,57420,23600,7920,15900,7142,homedepot_cargo_van,2,C_donate_recycle E_dump_run F_special_items
5x10,MEDIUM disposal / rental vehicle,20000,75000,15242,15242,-9703,-26333,-51278,0.313976722628489,16.63,916.5363800360794,57420,23600,7920,15900,10713,homedepot_cargo_van,2,C_donate_recycle E_dump_run F_special_items
5x10,MEDIUM disposal / rental vehicle,20000,100000,36296,36296,5981,-14229,-44544,0.7419460343417825,20.21,1795.9426026719445,57420,23600,7920,15900,14284,homedepot_cargo_van,2,C_donate_recycle E_dump_run F_special_items
5x10,MEDIUM disposal / rental vehicle,20000,150000,78404,78404,36959,9329,-32116,1.578498087376686,27.63,2837.6402461093016,57420,23600,7920,15900,21426,homedepot_cargo_van,2,C_donate_recycle E_dump_run F_special_items
5x10,MEDIUM disposal / rental vehicle,20000,200000,120512,120512,68312,33512,-18688,2.390162633875446,34.8,3462.9885057471265,57420,23600,7920,15900,28568,homedepot_cargo_van,2,C_donate_recycle E_dump_run F_special_items
5x10,MEDIUM disposal / rental vehicle,20000,300000,204728,204728,130658,81278,7208,3.9431432973805856,49.38,4145.970028351559,57420,23600,7920,15900,42852,homedepot_cargo_van,2,C_donate_recycle E_dump_run F_special_items
5x10,MEDIUM disposal / rental vehicle,30000,25000,-38666,-38666,-52856,-62316,-76506,-0.6488128198674386,9.46,-4087.315010570824,69220,35400,7920,15900,3571,homedepot_cargo_van,2,C_donate_recycle E_dump_run F_special_items
5x10,MEDIUM disposal / rental vehicle,30000,50000,-17612,-17612,-37187,-50237,-69812,-0.2936801734200434,13.05,-1349.5785440613026,69220,35400,7920,15900,7142,homedepot_cargo_van,2,C_donate_recycle E_dump_run F_special_items
5x10,MEDIUM disposal / rental vehicle,30000,75000,3442,3442,-21503,-38133,-63078,0.0570386941751595,16.63,206.9753457606735,69220,35400,7920,15900,10713,homedepot_cargo_van,2,C_donate_recycle E_dump_run F_special_items
5x10,MEDIUM disposal / rental vehicle,30000,100000,24496,24496,-5819,-26029,-56344,0.40342555994729906,20.21,1212.0732310737258,69220,35400,7920,15900,14284,homedepot_cargo_van,2,C_donate_recycle E_dump_run F_special_items
5x10,MEDIUM disposal / rental vehicle,30000,150000,66604,66604,25159,-2471,-43916,1.0835204164633154,27.63,2410.568222946073,69220,35400,7920,15900,21426,homedepot_cargo_van,2,C_donate_recycle E_dump_run F_special_items
5x10,MEDIUM disposal / rental vehicle,30000,200000,108712,108712,56512,21712,-30488,1.747219543555127,34.8,3123.9080459770116,69220,35400,7920,15900,28568,homedepot_cargo_van,2,C_donate_recycle E_dump_run F_special_items
5x10,MEDIUM disposal / rental vehicle,30000,300000,192928,192928,118858,69478,-4592,3.0277463904582547,49.38,3907.0068853786956,69220,35400,7920,15900,42852,homedepot_cargo_van,2,C_donate_recycle E_dump_run F_special_items
5x10,MEDIUM disposal / rental vehicle,50000,25000,-62266,-62266,-76456,-85916,-100106,-0.7484344011058357,9.46,-6582.029598308667,92820,59000,7920,15900,3571,homedepot_cargo_van,2,C_donate_recycle E_dump_run F_special_items
5x10,MEDIUM disposal / rental vehicle,50000,50000,-41212,-41212,-60787,-73837,-93412,-0.4931434725379921,13.05,-3158.007662835249,92820,59000,7920,15900,7142,homedepot_cargo_van,2,C_donate_recycle E_dump_run F_special_items
5x10,MEDIUM disposal / rental vehicle,50000,75000,-20158,-20158,-45103,-61733,-86678,-0.24013342069211985,16.63,-1212.1467227901385,92820,59000,7920,15900,10713,homedepot_cargo_van,2,C_donate_recycle E_dump_run F_special_items
5x10,MEDIUM disposal / rental vehicle,50000,100000,896,896,-29419,-49629,-79944,0.01062618595825427,20.21,44.33448787728847,92820,59000,7920,15900,14284,homedepot_cargo_van,2,C_donate_recycle E_dump_run F_special_items
5x10,MEDIUM disposal / rental vehicle,50000,150000,43004,43004,1559,-26071,-67516,0.5055131068531797,27.63,1556.4241766196164,92820,59000,7920,15900,21426,homedepot_cargo_van,2,C_donate_recycle E_dump_run F_special_items
5x10,MEDIUM disposal / rental vehicle,50000,200000,85112,85112,32912,-1888,-54088,0.9917501747844325,34.8,2445.747126436782,92820,59000,7920,15900,28568,homedepot_cargo_van,2,C_donate_recycle E_dump_run F_special_items
5x10,MEDIUM disposal / rental vehicle,50000,300000,169328,169328,95258,45878,-28192,1.9391662849289968,49.38,3429.0805994329685,92820,59000,7920,15900,42852,homedepot_cargo_van,2,C_donate_recycle E_dump_run F_special_items
5x10,HIGH disposal / rental vehicle,0,25000,-20381,-20381,-36071,-46531,-62221,-0.49336722343258294,10.46,-1948.4703632887188,50935,0,7920,33015,3571,homedepot_cargo_van,2,C_donate_recycle E_dump_run F_special_items
5x10,HIGH disposal / rental vehicle,0,50000,673,673,-20402,-34452,-55527,0.016144896245651914,14.05,47.90035587188612,50935,0,7920,33015,7142,homedepot_cargo_van,2,C_donate_recycle E_dump_run F_special_items
5x10,HIGH disposal / rental vehicle,0,75000,21727,21727,-4718,-22348,-48793,0.5165715644317641,17.63,1232.3879750425413,50935,0,7920,33015,10713,homedepot_cargo_van,2,C_donate_recycle E_dump_run F_special_items
5x10,HIGH disposal / rental vehicle,0,100000,42781,42781,10966,-10244,-42059,1.0081536467538588,21.21,2017.020273455917,50935,0,7920,33015,14284,homedepot_cargo_van,2,C_donate_recycle E_dump_run F_special_items
5x10,HIGH disposal / rental vehicle,0,150000,84889,84889,41944,13314,-29631,1.9657056848442747,28.63,2965.036674816626,50935,0,7920,33015,21426,homedepot_cargo_van,2,C_donate_recycle E_dump_run F_special_items
5x10,HIGH disposal / rental vehicle,0,200000,126997,126997,73297,37497,-16203,2.8905656082849664,35.8,3547.402234636872,50935,0,7920,33015,28568,homedepot_cargo_van,2,C_donate_recycle E_dump_run F_special_items
5x10,HIGH disposal / rental vehicle,0,300000,211213,211213,135643,85263,9693,4.648684934521844,50.38,4192.397776895593,50935,0,7920,33015,42852,homedepot_cargo_van,2,C_donate_recycle E_dump_run F_special_items
5x10,HIGH disposal / rental vehicle,5000,25000,-26381,-26381,-42071,-52531,-68221,-0.5576199534982034,10.46,-2522.08413001912,56935,6000,7920,33015,3571,homedepot_cargo_van,2,C_donate_recycle E_dump_run F_special_items
5x10,HIGH disposal / rental vehicle,5000,50000,-5327,-5327,-26402,-40452,-61527,-0.11171227849428542,14.05,-379.1459074733096,56935,6000,7920,33015,7142,homedepot_cargo_van,2,C_donate_recycle E_dump_run F_special_items
5x10,HIGH disposal / rental vehicle,5000,75000,15727,15727,-10718,-28348,-54793,0.3272367873491469,17.63,892.0589903573455,56935,6000,7920,33015,10713,homedepot_cargo_van,2,C_donate_recycle E_dump_run F_special_items
5x10,HIGH disposal / rental vehicle,5000,100000,36781,36781,4966,-16244,-48059,0.7593888716836998,21.21,1734.134842055634,56935,6000,7920,33015,14284,homedepot_cargo_van,2,C_donate_recycle E_dump_run F_special_items
5x10,HIGH disposal / rental vehicle,5000,150000,78889,78889,35944,7314,-35631,1.6039239605570803,28.63,2755.466294097101,56935,6000,7920,33015,21426,homedepot_cargo_van,2,C_donate_recycle E_dump_run F_special_items
5x10,HIGH disposal / rental vehicle,5000,200000,120997,120997,67297,31497,-22203,2.423090017022129,35.8,3379.8044692737435,56935,6000,7920,33015,28568,homedepot_cargo_van,2,C_donate_recycle E_dump_run F_special_items
5x10,HIGH disposal / rental vehicle,5000,300000,205213,205213,129643,79263,3693,3.9897540585204627,50.38,4073.3028979753867,56935,6000,7920,33015,42852,homedepot_cargo_van,2,C_donate_recycle E_dump_run F_special_items
5x10,HIGH disposal / rental vehicle,10000,25000,-32181,-32181,-47871,-58331,-74021,-0.6059310864244022,10.46,-3076.5774378585083,62735,11800,7920,33015,3571,homedepot_cargo_van,2,C_donate_recycle E_dump_run F_special_items
5x10,HIGH disposal / rental vehicle,10000,50000,-11127,-11127,-32202,-46252,-67327,-0.20803963728148078,14.05,-791.9572953736655,62735,11800,7920,33015,7142,homedepot_cargo_van,2,C_donate_recycle E_dump_run F_special_items
5x10,HIGH disposal / rental vehicle,10000,75000,9927,9927,-16518,-34148,-60593,0.1843111771258819,17.63,563.0743051616563,62735,11800,7920,33015,10713,homedepot_cargo_van,2,C_donate_recycle E_dump_run F_special_items
5x10,HIGH disposal / rental vehicle,10000,100000,30981,30981,-834,-22044,-53859,0.571236286530838,21.21,1460.6789250353606,62735,11800,7920,33015,14284,homedepot_cargo_van,2,C_donate_recycle E_dump_run F_special_items
5x10,HIGH disposal / rental vehicle,10000,150000,73089,73089,30144,1514,-41431,1.3292534327543875,28.63,2552.8815927348937,62735,11800,7920,33015,21426,homedepot_cargo_van,2,C_donate_recycle E_dump_run F_special_items
5x10,HIGH disposal / rental vehicle,10000,200000,115197,115197,61497,25697,-28003,2.066870009868126,35.8,3217.793296089386,62735,11800,7920,33015,28568,homedepot_cargo_van,2,C_donate_recycle E_dump_run F_special_items
5x10,HIGH disposal / rental vehicle,10000,300000,199413,199413,123843,73463,-2107,3.4841093736350137,50.38,3958.1778483525204,62735,11800,7920,33015,42852,homedepot_cargo_van,2,C_donate_recycle E_dump_run F_special_items
5x10,HIGH disposal / rental vehicle,15000,25000,-38081,-38081,-53771,-64231,-79921,-0.6453312997796984,10.46,-3640.6309751434032,68635,17700,7920,33015,3571,homedepot_cargo_van,2,C_donate_recycle E_dump_run F_special_items
5x10,HIGH disposal / rental vehicle,15000,50000,-17027,-17027,-38102,-52152,-73227,-0.2867222362549465,14.05,-1211.8861209964412,68635,17700,7920,33015,7142,homedepot_cargo_van,2,C_donate_recycle E_dump_run F_special_items
5x10,HIGH disposal / rental vehicle,15000,75000,4027,4027,-22418,-40048,-66493,0.06738621151271754,17.63,228.41747022121385,68635,17700,7920,33015,10713,homedepot_cargo_van,2,C_donate_recycle E_dump_run F_special_items
5x10,HIGH disposal / rental vehicle,15000,100000,25081,25081,-6734,-27944,-59759,0.41707824062525983,21.21,1182.5082508250825,68635,17700,7920,33015,14284,homedepot_cargo_van,2,C_donate_recycle E_dump_run F_special_items
5x10,HIGH disposal / rental vehicle,15000,150000,67189,67189,24244,-4386,-47331,1.1035394596370207,28.63,2346.8040516940273,68635,17700,7920,33015,21426,homedepot_cargo_van,2,C_donate_recycle E_dump_run F_special_items
5x10,HIGH disposal / rental vehicle,15000,200000,109297,109297,55597,19797,-33903,1.7732943944187556,35.8,3052.988826815643,68635,17700,7920,33015,28568,homedepot_cargo_van,2,C_donate_recycle E_dump_run F_special_items
5x10,HIGH disposal / rental vehicle,15000,300000,193513,193513,117943,67563,-8007,3.0650669200918665,50.38,3841.067884080984,68635,17700,7920,33015,42852,homedepot_cargo_van,2,C_donate_recycle E_dump_run F_special_items
5x10,HIGH disposal / rental vehicle,20000,25000,-43981,-43981,-59671,-70131,-85821,-0.677568941611462,10.46,-4204.684512428298,74535,23600,7920,33015,3571,homedepot_cargo_van,2,C_donate_recycle E_dump_run F_special_items
5x10,HIGH disposal / rental vehicle,20000,50000,-22927,-22927,-44002,-58052,-79127,-0.3511832733399709,14.05,-1631.814946619217,74535,23600,7920,33015,7142,homedepot_cargo_van,2,C_donate_recycle E_dump_run F_special_items
5x10,HIGH disposal / rental vehicle,20000,75000,-1873,-1873,-28318,-45948,-72393,-0.028525738653670422,17.63,-106.23936471922859,74535,23600,7920,33015,10713,homedepot_cargo_van,2,C_donate_recycle E_dump_run F_special_items
5x10,HIGH disposal / rental vehicle,20000,100000,19181,19181,-12634,-33844,-65659,0.290467176497312,21.21,904.3375766148043,74535,23600,7920,33015,14284,homedepot_cargo_van,2,C_donate_recycle E_dump_run F_special_items
5x10,HIGH disposal / rental vehicle,20000,150000,61289,61289,18344,-10286,-53231,0.9177060717226923,28.63,2140.7265106531613,74535,23600,7920,33015,21426,homedepot_cargo_van,2,C_donate_recycle E_dump_run F_special_items
5x10,HIGH disposal / rental vehicle,20000,200000,103397,103397,49697,13897,-39803,1.5310135485303917,35.8,2888.1843575418998,74535,23600,7920,33015,28568,homedepot_cargo_van,2,C_donate_recycle E_dump_run F_special_items
5x10,HIGH disposal / rental vehicle,20000,300000,187613,187613,112043,61663,-13907,2.717650467154342,50.38,3723.957919809448,74535,23600,7920,33015,42852,homedepot_cargo_van,2,C_donate_recycle E_dump_run F_special_items
5x10,HIGH disposal / rental vehicle,30000,25000,-55781,-55781,-71471,-81931,-97621,-0.7271672532916178,10.46,-5332.791586998088,86335,35400,7920,33015,3571,homedepot_cargo_van,2,C_donate_recycle E_dump_run F_special_items
5x10,HIGH disposal / rental vehicle,30000,50000,-34727,-34727,-55802,-69852,-90927,-0.45050269183369007,14.05,-2471.6725978647687,86335,35400,7920,33015,7142,homedepot_cargo_van,2,C_donate_recycle E_dump_run F_special_items
5x10,HIGH disposal / rental vehicle,30000,75000,-13673,-13673,-40118,-57748,-84193,-0.17651691195455718,17.63,-775.5530346001135,86335,35400,7920,33015,10713,homedepot_cargo_van,2,C_donate_recycle E_dump_run F_special_items
5x10,HIGH disposal / rental vehicle,30000,100000,7381,7381,-24434,-45644,-77459,0.0948288045223871,21.21,347.996228194248,86335,35400,7920,33015,14284,homedepot_cargo_van,2,C_donate_recycle E_dump_run F_special_items
5x10,HIGH disposal / rental vehicle,30000,150000,49489,49489,6544,-22086,-65031,0.6297512247884456,28.63,1728.5714285714287,86335,35400,7920,33015,21426,homedepot_cargo_van,2,C_donate_recycle E_dump_run F_special_items
5x10,HIGH disposal / rental vehicle,30000,200000,91597,91597,37897,2097,-51603,1.1545597781559211,35.8,2558.5754189944137,86335,35400,7920,33015,28568,homedepot_cargo_van,2,C_donate_recycle E_dump_run F_special_items
5x10,HIGH disposal / rental vehicle,30000,300000,175813,175813,100243,49863,-25707,2.174961341003278,50.38,3489.7379912663755,86335,35400,7920,33015,42852,homedepot_cargo_van,2,C_donate_recycle E_dump_run F_special_items
5x10,HIGH disposal / rental vehicle,50000,25000,-79381,-79381,-95071,-105531,-121221,-0.7913567939387898,10.46,-7589.005736137667,109935,59000,7920,33015,3571,homedepot_cargo_van,2,C_donate_recycle E_dump_run F_special_items
5x10,HIGH disposal / rental vehicle,50000,50000,-58327,-58327,-79402,-93452,-114527,-0.5793017827879029,14.05,-4151.387900355871,109935,59000,7920,33015,7142,homedepot_cargo_van,2,C_donate_recycle E_dump_run F_special_items
5x10,HIGH disposal / rental vehicle,50000,75000,-37273,-37273,-63718,-81348,-107793,-0.3688205026716802,17.63,-2114.1803743618834,109935,59000,7920,33015,10713,homedepot_cargo_van,2,C_donate_recycle E_dump_run F_special_items
5x10,HIGH disposal / rental vehicle,50000,100000,-16219,-16219,-48034,-69244,-101059,-0.15989549958101248,21.21,-764.6864686468647,109935,59000,7920,33015,14284,homedepot_cargo_van,2,C_donate_recycle E_dump_run F_special_items
5x10,HIGH disposal / rental vehicle,50000,150000,25889,25889,-17056,-45686,-88631,0.2533542105005627,28.63,904.2612644079637,109935,59000,7920,33015,21426,homedepot_cargo_van,2,C_donate_recycle E_dump_run F_special_items
5x10,HIGH disposal / rental vehicle,50000,200000,67997,67997,14297,-21503,-75203,0.6605819206295235,35.8,1899.3575418994415,109935,59000,7920,33015,28568,homedepot_cargo_van,2,C_donate_recycle E_dump_run F_special_items
5x10,HIGH disposal / rental vehicle,50000,300000,152213,152213,76643,26263,-49307,1.457490304974386,50.38,3021.29813418023,109935,59000,7920,33015,42852,homedepot_cargo_van,2,C_donate_recycle E_dump_run F_special_items
