size,scenario,bid_cents,gross_cents,cash_profit_cents,economic_profit_at_0_cents,economic_profit_at_15_cents,economic_profit_at_25_cents,economic_profit_at_40_cents,cash_roi,labor_hours,cash_profit_per_hour_cents,cash_required_cents,acquisition_cents,transport_cents,disposal_cents,selling_and_tax_cents,vehicle,trips,pathways
5x5,LOW disposal / borrowed SUV,0,25000,17909,17909,1064,-10166,-27011,6.02996632996633,11.23,1594.7462154942118,12220,0,2220,0,3621,friend_suv,2,C_donate_recycle A_negligible
5x5,LOW disposal / borrowed SUV,0,50000,38538,38538,10953,-7437,-35022,10.359677419354838,18.39,2095.595432300163,12220,0,2220,0,7242,friend_suv,2,C_donate_recycle A_negligible
5x5,LOW disposal / borrowed SUV,0,75000,59167,59167,20452,-5358,-44073,13.236465324384788,25.81,2292.406044168927,12220,0,2220,0,10863,friend_suv,2,C_donate_recycle A_negligible
5x5,LOW disposal / borrowed SUV,0,100000,79796,79796,30326,-2654,-52124,15.286590038314177,32.98,2419.526986052153,12220,0,2220,0,14484,friend_suv,2,C_donate_recycle A_negligible
5x5,LOW disposal / borrowed SUV,0,150000,121054,121054,49714,2154,-69186,18.013988095238094,47.56,2545.2901597981495,12220,0,2220,0,21726,friend_suv,2,C_donate_recycle A_negligible
5x5,LOW disposal / borrowed SUV,0,200000,162312,162312,69102,6962,-86248,19.745985401459855,62.14,2612.037335049887,12220,0,2220,0,28968,friend_suv,2,C_donate_recycle A_negligible
5x5,LOW disposal / borrowed SUV,0,300000,244828,244828,107863,16553,-120412,21.820677361853832,91.31,2681.2835395904062,12220,0,2220,0,43452,friend_suv,2,C_donate_recycle A_negligible
5x5,LOW disposal / borrowed SUV,5000,25000,11909,11909,-4936,-16166,-33011,1.3276477146042363,11.23,1060.4630454140695,18220,6000,2220,0,3621,friend_suv,2,C_donate_recycle A_negligible
5x5,LOW disposal / borrowed SUV,5000,50000,32538,32538,4953,-13437,-41022,3.3475308641975308,18.39,1769.331158238173,18220,6000,2220,0,7242,friend_suv,2,C_donate_recycle A_negligible
5x5,LOW disposal / borrowed SUV,5000,75000,53167,53167,14452,-11358,-50073,5.0780324737344795,25.81,2059.938008523828,18220,6000,2220,0,10863,friend_suv,2,C_donate_recycle A_negligible
5x5,LOW disposal / borrowed SUV,5000,100000,73796,73796,24326,-8654,-58124,6.5771836007130124,32.98,2237.598544572468,18220,6000,2220,0,14484,friend_suv,2,C_donate_recycle A_negligible
5x5,LOW disposal / borrowed SUV,5000,150000,115054,115054,43714,-3846,-75186,9.045125786163522,47.56,2419.1337258200165,18220,6000,2220,0,21726,friend_suv,2,C_donate_recycle A_negligible
5x5,LOW disposal / borrowed SUV,5000,200000,156312,156312,63102,962,-92248,10.99240506329114,62.14,2515.4811715481173,18220,6000,2220,0,28968,friend_suv,2,C_donate_recycle A_negligible
5x5,LOW disposal / borrowed SUV,5000,300000,238828,238828,101863,10553,-126412,13.869221835075493,91.31,2615.573321651517,18220,6000,2220,0,43452,friend_suv,2,C_donate_recycle A_negligible
5x5,LOW disposal / borrowed SUV,10000,25000,6109,6109,-10736,-21966,-38811,0.4136086662153013,11.23,543.9893143365983,24020,11800,2220,0,3621,friend_suv,2,C_donate_recycle A_negligible
5x5,LOW disposal / borrowed SUV,10000,50000,26738,26738,-847,-19237,-46822,1.7228092783505156,18.39,1453.942359978249,24020,11800,2220,0,7242,friend_suv,2,C_donate_recycle A_negligible
5x5,LOW disposal / borrowed SUV,10000,75000,47367,47367,8652,-17158,-55873,2.9113091579594346,25.81,1835.2189074002326,24020,11800,2220,0,10863,friend_suv,2,C_donate_recycle A_negligible
5x5,LOW disposal / borrowed SUV,10000,100000,67996,67996,18526,-14454,-63924,3.9950646298472385,32.98,2061.73438447544,24020,11800,2220,0,14484,friend_suv,2,C_donate_recycle A_negligible
5x5,LOW disposal / borrowed SUV,10000,150000,109254,109254,37914,-9646,-80986,5.899244060475162,47.56,2297.1825063078218,24020,11800,2220,0,21726,friend_suv,2,C_donate_recycle A_negligible
5x5,LOW disposal / borrowed SUV,10000,200000,150512,150512,57302,-4838,-98048,7.5180819180819185,62.14,2422.143546829739,24020,11800,2220,0,28968,friend_suv,2,C_donate_recycle A_negligible
5x5,LOW disposal / borrowed SUV,10000,300000,233028,233028,96063,4753,-132212,10.122849695916594,91.31,2552.0534443105903,24020,11800,2220,0,43452,friend_suv,2,C_donate_recycle A_negligible
5x5,LOW disposal / borrowed SUV,15000,25000,209,209,-16636,-27866,-44711,0.010111272375423318,11.23,18.61086375779163,29920,17700,2220,0,3621,friend_suv,2,C_donate_recycle A_negligible
5x5,LOW disposal / borrowed SUV,15000,50000,20838,20838,-6747,-25137,-52722,0.972829131652661,18.39,1133.115823817292,29920,17700,2220,0,7242,friend_suv,2,C_donate_recycle A_negligible
5x5,LOW disposal / borrowed SUV,15000,75000,41467,41467,2752,-23058,-61773,1.8704104645917907,25.81,1606.6253390158854,29920,17700,2220,0,10863,friend_suv,2,C_donate_recycle A_negligible
5x5,LOW disposal / borrowed SUV,15000,100000,62096,62096,12626,-20354,-69824,2.7092495636998253,32.98,1882.8380836870833,29920,17700,2220,0,14484,friend_suv,2,C_donate_recycle A_negligible
5x5,LOW disposal / borrowed SUV,15000,150000,103354,103354,32014,-15546,-86886,4.232350532350532,47.56,2173.1286795626575,29920,17700,2220,0,21726,friend_suv,2,C_donate_recycle A_negligible
5x5,LOW disposal / borrowed SUV,15000,200000,144612,144612,51402,-10738,-103948,5.579166666666667,62.14,2327.196652719665,29920,17700,2220,0,28968,friend_suv,2,C_donate_recycle A_negligible
5x5,LOW disposal / borrowed SUV,15000,300000,227128,227128,90163,-1147,-138112,7.853665283540802,91.31,2487.4383966706823,29920,17700,2220,0,43452,friend_suv,2,C_donate_recycle A_negligible
5x5,LOW disposal / borrowed SUV,20000,25000,-5691,-5691,-22536,-33766,-50611,-0.21418893488897253,11.23,-506.76758682101513,35820,23600,2220,0,3621,friend_suv,2,C_donate_recycle A_negligible
5x5,LOW disposal / borrowed SUV,20000,50000,14938,14938,-12647,-31037,-58622,0.5467789165446559,18.39,812.289287656335,35820,23600,2220,0,7242,friend_suv,2,C_donate_recycle A_negligible
5x5,LOW disposal / borrowed SUV,20000,75000,35567,35567,-3148,-28958,-67673,1.2670822942643392,25.81,1378.0317706315382,35820,23600,2220,0,10863,friend_suv,2,C_donate_recycle A_negligible
5x5,LOW disposal / borrowed SUV,20000,100000,56196,56196,6726,-26254,-75724,1.9498959056210965,32.98,1703.9417828987266,35820,23600,2220,0,14484,friend_suv,2,C_donate_recycle A_negligible
5x5,LOW disposal / borrowed SUV,20000,150000,97454,97454,26114,-21446,-92786,3.2141820580474936,47.56,2049.0748528174936,35820,23600,2220,0,21726,friend_suv,2,C_donate_recycle A_negligible
5x5,LOW disposal / borrowed SUV,20000,200000,138712,138712,45502,-16638,-109848,4.359270898805782,62.14,2232.249758609591,35820,23600,2220,0,28968,friend_suv,2,C_donate_recycle A_negligible
5x5,LOW disposal / borrowed SUV,20000,300000,221228,221228,84263,-7047,-144012,6.353475014359564,91.31,2422.8233490307744,35820,23600,2220,0,43452,friend_suv,2,C_donate_recycle A_negligible
5x5,LOW disposal / borrowed SUV,30000,25000,-17491,-17491,-34336,-45566,-62411,-0.45585092520198073,11.23,-1557.5244879786287,47620,35400,2220,0,3621,friend_suv,2,C_donate_recycle A_negligible
5x5,LOW disposal / borrowed SUV,30000,50000,3138,3138,-24447,-42837,-70422,0.08021472392638036,18.39,170.63621533442088,47620,35400,2220,0,7242,friend_suv,2,C_donate_recycle A_negligible
5x5,LOW disposal / borrowed SUV,30000,75000,23767,23767,-14948,-40758,-79473,0.5961123651868573,25.81,920.8446338628439,47620,35400,2220,0,10863,friend_suv,2,C_donate_recycle A_negligible
5x5,LOW disposal / borrowed SUV,30000,100000,44396,44396,-5074,-38054,-87524,1.092959133431807,32.98,1346.1491813220134,47620,35400,2220,0,14484,friend_suv,2,C_donate_recycle A_negligible
5x5,LOW disposal / borrowed SUV,30000,150000,85654,85654,14314,-33246,-104586,2.0335707502374167,47.56,1800.9671993271656,47620,35400,2220,0,21726,friend_suv,2,C_donate_recycle A_negligible
5x5,LOW disposal / borrowed SUV,30000,200000,126912,126912,33702,-28438,-121648,2.90949105914718,62.14,2042.3559703894432,47620,35400,2220,0,28968,friend_suv,2,C_donate_recycle A_negligible
5x5,LOW disposal / borrowed SUV,30000,300000,209428,209428,72463,-18847,-155812,4.492235092235092,91.31,2293.5932537509584,47620,35400,2220,0,43452,friend_suv,2,C_donate_recycle A_negligible
5x5,LOW disposal / borrowed SUV,50000,25000,-41091,-41091,-57936,-69166,-86011,-0.6630789091495886,11.23,-3659.0382902938554,71220,59000,2220,0,3621,friend_suv,2,C_donate_recycle A_negligible
5x5,LOW disposal / borrowed SUV,50000,50000,-20462,-20462,-48047,-66437,-94022,-0.3262436224489796,18.39,-1112.6699293094073,71220,59000,2220,0,7242,friend_suv,2,C_donate_recycle A_negligible
5x5,LOW disposal / borrowed SUV,50000,75000,167,167,-38548,-64358,-103073,0.0026311643296045377,25.81,6.470360325455251,71220,59000,2220,0,10863,friend_suv,2,C_donate_recycle A_negligible
5x5,LOW disposal / borrowed SUV,50000,100000,20796,20796,-28674,-61654,-111124,0.323824353783868,32.98,630.563978168587,71220,59000,2220,0,14484,friend_suv,2,C_donate_recycle A_negligible
5x5,LOW disposal / borrowed SUV,50000,150000,62054,62054,-9286,-56846,-128186,0.9442178940961655,47.56,1304.7518923465095,71220,59000,2220,0,21726,friend_suv,2,C_donate_recycle A_negligible
5x5,LOW disposal / borrowed SUV,50000,200000,103312,103312,10102,-52038,-145248,1.536923534662303,62.14,1662.568393949147,71220,59000,2220,0,28968,friend_suv,2,C_donate_recycle A_negligible
5x5,LOW disposal / borrowed SUV,50000,300000,185828,185828,48863,-42447,-179412,2.646368555966961,91.31,2035.1330631913263,71220,59000,2220,0,43452,friend_suv,2,C_donate_recycle A_negligible
5x5,LOW disposal / rental van,0,25000,13082,13082,-2263,-12493,-27838,1.6778248044119533,10.23,1278.7878787878788,17047,0,7047,0,3621,uhaul_cargo_van,1,C_donate_recycle A_negligible
5x5,LOW disposal / rental van,0,50000,33711,33711,7626,-9764,-35849,3.9441909441909444,17.39,1938.5278895917193,17047,0,7047,0,7242,uhaul_cargo_van,1,C_donate_recycle A_negligible
5x5,LOW disposal / rental van,0,75000,54340,54340,17125,-7685,-44900,5.844896203076261,24.81,2190.2458686013706,17047,0,7047,0,10863,uhaul_cargo_van,1,C_donate_recycle A_negligible
5x5,LOW disposal / rental van,0,100000,74969,74969,26999,-4981,-52951,7.461829401811486,31.98,2344.2464040025015,17047,0,7047,0,14484,uhaul_cargo_van,1,C_donate_recycle A_negligible
5x5,LOW disposal / rental van,0,150000,116227,116227,46387,-173,-70013,10.065558153632978,46.56,2496.2843642611683,17047,0,7047,0,21726,uhaul_cargo_van,1,C_donate_recycle A_negligible
5x5,LOW disposal / rental van,0,200000,157485,157485,65775,4635,-87075,12.07059094044608,61.14,2575.809617271835,17047,0,7047,0,28968,uhaul_cargo_van,1,C_donate_recycle A_negligible
5x5,LOW disposal / rental van,0,300000,240001,240001,104536,14226,-121239,14.956128871440145,90.31,2657.52408371166,17047,0,7047,0,43452,uhaul_cargo_van,1,C_donate_recycle A_negligible
5x5,LOW disposal / rental van,5000,25000,7082,7082,-8263,-18493,-33838,0.5132999927520475,10.23,692.27761485826,23047,6000,7047,0,3621,uhaul_cargo_van,1,C_donate_recycle A_negligible
5x5,LOW disposal / rental van,5000,50000,27711,27711,1626,-15764,-41849,1.9049288513095484,17.39,1593.5020126509487,23047,6000,7047,0,7242,uhaul_cargo_van,1,C_donate_recycle A_negligible
5x5,LOW disposal / rental van,5000,75000,48340,48340,11125,-13685,-50900,3.1600967509969276,24.81,1948.4079000403065,23047,6000,7047,0,10863,uhaul_cargo_van,1,C_donate_recycle A_negligible
5x5,LOW disposal / rental van,5000,100000,68969,68969,20999,-10981,-58951,4.297937309154359,31.98,2156.629143214509,23047,6000,7047,0,14484,uhaul_cargo_van,1,C_donate_recycle A_negligible
5x5,LOW disposal / rental van,5000,150000,110227,110227,40387,-6173,-76013,6.28181455519462,46.56,2367.418384879725,23047,6000,7047,0,21726,uhaul_cargo_van,1,C_donate_recycle A_negligible
5x5,LOW disposal / rental van,5000,200000,151485,151485,59775,-1365,-93075,7.95322097968184,61.14,2477.6741903827283,23047,6000,7047,0,28968,uhaul_cargo_van,1,C_donate_recycle A_negligible
5x5,LOW disposal / rental van,5000,300000,234001,234001,98536,8226,-127239,10.613734294915409,90.31,2591.08625844314,23047,6000,7047,0,43452,uhaul_cargo_van,1,C_donate_recycle A_negligible
5x5,LOW disposal / rental van,10000,25000,1282,1282,-14063,-24293,-39638,0.06541817625146706,10.23,125.31769305962854,28847,11800,7047,0,3621,uhaul_cargo_van,1,C_donate_recycle A_negligible
5x5,LOW disposal / rental van,10000,50000,21911,21911,-4174,-21564,-47649,1.0768663685064137,17.39,1259.9769982748705,28847,11800,7047,0,7242,uhaul_cargo_van,1,C_donate_recycle A_negligible
5x5,LOW disposal / rental van,10000,75000,42540,42540,5325,-19485,-56700,2.0164004360809593,24.81,1714.6311970979446,28847,11800,7047,0,10863,uhaul_cargo_van,1,C_donate_recycle A_negligible
5x5,LOW disposal / rental van,10000,100000,63169,63169,15199,-16781,-64751,2.891426740513572,31.98,1975.2657911194497,28847,11800,7047,0,14484,uhaul_cargo_van,1,C_donate_recycle A_negligible
5x5,LOW disposal / rental van,10000,150000,104427,104427,34587,-11973,-81813,4.472823060778687,46.56,2242.84793814433,28847,11800,7047,0,21726,uhaul_cargo_van,1,C_donate_recycle A_negligible
5x5,LOW disposal / rental van,10000,200000,145685,145685,53975,-7165,-98875,5.863283293757798,61.14,2382.8099443899246,28847,11800,7047,0,28968,uhaul_cargo_van,1,C_donate_recycle A_negligible
5x5,LOW disposal / rental van,10000,300000,228201,228201,92736,2426,-133039,8.19481452221065,90.31,2526.863027350238,28847,11800,7047,0,43452,uhaul_cargo_van,1,C_donate_recycle A_negligible
5x5,LOW disposal / rental van,15000,25000,-4618,-4618,-19963,-30193,-45538,-0.18111934737420088,10.23,-451.41739980449654,34747,17700,7047,0,3621,uhaul_cargo_van,1,C_donate_recycle A_negligible
5x5,LOW disposal / rental van,15000,50000,16011,16011,-10074,-27464,-53549,0.6100125728654704,17.39,920.7015526164462,34747,17700,7047,0,7242,uhaul_cargo_van,1,C_donate_recycle A_negligible
5x5,LOW disposal / rental van,15000,75000,36640,36640,-575,-25385,-62600,1.3571878356854465,24.81,1476.8238613462315,34747,17700,7047,0,10863,uhaul_cargo_van,1,C_donate_recycle A_negligible
5x5,LOW disposal / rental van,15000,100000,57269,57269,9299,-22681,-70651,2.0639708797347462,31.98,1790.7754846779237,34747,17700,7047,0,14484,uhaul_cargo_van,1,C_donate_recycle A_negligible
5x5,LOW disposal / rental van,15000,150000,98527,98527,28687,-17873,-87713,3.3687899613635586,46.56,2116.1297250859106,34747,17700,7047,0,21726,uhaul_cargo_van,1,C_donate_recycle A_negligible
5x5,LOW disposal / rental van,15000,200000,139785,139785,48075,-13065,-104775,4.546297199726802,61.14,2286.3101079489697,34747,17700,7047,0,28968,uhaul_cargo_van,1,C_donate_recycle A_negligible
5x5,LOW disposal / rental van,15000,300000,222301,222301,86836,-3474,-138939,6.5872818324591815,90.31,2461.532499169527,34747,17700,7047,0,43452,uhaul_cargo_van,1,C_donate_recycle A_negligible
5x5,LOW disposal / rental van,20000,25000,-10518,-10518,-25863,-36093,-51438,-0.33500015925088383,10.23,-1028.1524926686216,40647,23600,7047,0,3621,uhaul_cargo_van,1,C_donate_recycle A_negligible
5x5,LOW disposal / rental van,20000,50000,10111,10111,-15974,-33364,-59449,0.3145239058076959,17.39,581.4261069580218,40647,23600,7047,0,7242,uhaul_cargo_van,1,C_donate_recycle A_negligible
5x5,LOW disposal / rental van,20000,75000,30740,30740,-6475,-31285,-68500,0.9344317110982764,24.81,1239.0165255945185,40647,23600,7047,0,10863,uhaul_cargo_van,1,C_donate_recycle A_negligible
5x5,LOW disposal / rental van,20000,100000,51369,51369,3399,-28581,-76551,1.526703718013493,31.98,1606.2851782363978,40647,23600,7047,0,14484,uhaul_cargo_van,1,C_donate_recycle A_negligible
5x5,LOW disposal / rental van,20000,150000,92627,92627,22787,-23773,-93613,2.6354169630409423,46.56,1989.4115120274912,40647,23600,7047,0,21726,uhaul_cargo_van,1,C_donate_recycle A_negligible
5x5,LOW disposal / rental van,20000,200000,133885,133885,42175,-18965,-110675,3.6533686249897674,61.14,2189.8102715080145,40647,23600,7047,0,28968,uhaul_cargo_van,1,C_donate_recycle A_negligible
5x5,LOW disposal / rental van,20000,300000,216401,216401,80936,-9374,-144839,5.45819355815068,90.31,2396.2019709888164,40647,23600,7047,0,43452,uhaul_cargo_van,1,C_donate_recycle A_negligible
5x5,LOW disposal / rental van,30000,25000,-22318,-22318,-37663,-47893,-63238,-0.5166562492765702,10.23,-2181.622678396872,52447,35400,7047,0,3621,uhaul_cargo_van,1,C_donate_recycle A_negligible
5x5,LOW disposal / rental van,30000,50000,-1689,-1689,-27774,-45164,-71249,-0.03843265751928459,17.39,-97.12478435882691,52447,35400,7047,0,7242,uhaul_cargo_van,1,C_donate_recycle A_negligible
5x5,LOW disposal / rental van,30000,75000,18940,18940,-18275,-43085,-80300,0.42374208559858606,24.81,763.4018540910923,52447,35400,7047,0,10863,uhaul_cargo_van,1,C_donate_recycle A_negligible
5x5,LOW disposal / rental van,30000,100000,39569,39569,-8401,-40381,-88351,0.8706625299799767,31.98,1237.3045653533459,52447,35400,7047,0,14484,uhaul_cargo_van,1,C_donate_recycle A_negligible
5x5,LOW disposal / rental van,30000,150000,80827,80827,10987,-35573,-105413,1.7216648561143417,46.56,1735.9750859106528,52447,35400,7047,0,21726,uhaul_cargo_van,1,C_donate_recycle A_negligible
5x5,LOW disposal / rental van,30000,200000,122085,122085,30375,-30765,-122475,2.519970276797325,61.14,1996.810598626104,52447,35400,7047,0,28968,uhaul_cargo_van,1,C_donate_recycle A_negligible
5x5,LOW disposal / rental van,30000,300000,204601,204601,69136,-21174,-156639,3.976927712014306,90.31,2265.5409146273946,52447,35400,7047,0,43452,uhaul_cargo_van,1,C_donate_recycle A_negligible
5x5,LOW disposal / rental van,50000,25000,-45918,-45918,-61263,-71493,-86838,-0.6874260820096711,10.23,-4488.563049853372,76047,59000,7047,0,3621,uhaul_cargo_van,1,C_donate_recycle A_negligible
5x5,LOW disposal / rental van,50000,50000,-25289,-25289,-51374,-68764,-94849,-0.3743911646705257,17.39,-1454.2265669925243,76047,59000,7047,0,7242,uhaul_cargo_van,1,C_donate_recycle A_negligible
5x5,LOW disposal / rental van,50000,75000,-4660,-4660,-41875,-66685,-103900,-0.06823140108643132,24.81,-187.82748891575977,76047,59000,7047,0,10863,uhaul_cargo_van,1,C_donate_recycle A_negligible
5x5,LOW disposal / rental van,50000,100000,15969,15969,-32001,-63981,-111951,0.23127724593392907,31.98,499.34333958724204,76047,59000,7047,0,14484,uhaul_cargo_van,1,C_donate_recycle A_negligible
5x5,LOW disposal / rental van,50000,150000,57227,57227,-12613,-59173,-129013,0.8111897033183552,46.56,1229.1022336769759,76047,59000,7047,0,21726,uhaul_cargo_van,1,C_donate_recycle A_negligible
5x5,LOW disposal / rental van,50000,200000,98485,98485,6775,-54365,-146075,1.3669549044373812,61.14,1610.8112528622833,76047,59000,7047,0,28968,uhaul_cargo_van,1,C_donate_recycle A_negligible
5x5,LOW disposal / rental van,50000,300000,181001,181001,45536,-44774,-180239,2.411835249910056,90.31,2004.218801904551,76047,59000,7047,0,43452,uhaul_cargo_van,1,C_donate_recycle A_negligible
5x5,MEDIUM disposal / borrowed vehicle,0,25000,11453,11453,-6772,-18922,-37147,1.2150434967112242,12.15,942.633744855967,18676,0,2520,6156,3621,friend_suv,2,C_donate_recycle D_small_paid F_special_items
5x5,MEDIUM disposal / borrowed vehicle,0,50000,32082,32082,3117,-16193,-45158,3.1527122641509435,19.31,1661.4189539098913,18676,0,2520,6156,7242,friend_suv,2,C_donate_recycle D_small_paid F_special_items
5x5,MEDIUM disposal / borrowed vehicle,0,75000,52711,52711,12616,-14114,-54209,4.824363902617609,26.73,1971.9790497568274,18676,0,2520,6156,10863,friend_suv,2,C_donate_recycle D_small_paid F_special_items
5x5,MEDIUM disposal / borrowed vehicle,0,100000,73340,73340,22490,-11410,-62260,6.281260705721137,33.9,2163.4218289085547,18676,0,2520,6156,14484,friend_suv,2,C_donate_recycle D_small_paid F_special_items
5x5,MEDIUM disposal / borrowed vehicle,0,150000,114598,114598,41878,-6602,-79322,8.697480267152399,48.48,2363.8201320132016,18676,0,2520,6156,21726,friend_suv,2,C_donate_recycle D_small_paid F_special_items
5x5,MEDIUM disposal / borrowed vehicle,0,200000,155856,155856,61266,-1794,-96384,10.619787408013083,63.06,2471.5509039010467,18676,0,2520,6156,28968,friend_suv,2,C_donate_recycle D_small_paid F_special_items
5x5,MEDIUM disposal / borrowed vehicle,0,300000,238372,238372,100027,7797,-130548,13.48563023308441,92.23,2584.5386533665833,18676,0,2520,6156,43452,friend_suv,2,C_donate_recycle D_small_paid F_special_items
5x5,MEDIUM disposal / borrowed vehicle,5000,25000,5453,5453,-12772,-24922,-43147,0.3534941008686633,12.15,448.8065843621399,24676,6000,2520,6156,3621,friend_suv,2,C_donate_recycle D_small_paid F_special_items
5x5,MEDIUM disposal / borrowed vehicle,5000,50000,26082,26082,-2883,-22193,-51158,1.6123887240356083,19.31,1350.6991196271363,24676,6000,2520,6156,7242,friend_suv,2,C_donate_recycle D_small_paid F_special_items
5x5,MEDIUM disposal / borrowed vehicle,5000,75000,46711,46711,6616,-20114,-60209,2.759718775847808,26.73,1747.5121586232697,24676,6000,2520,6156,10863,friend_suv,2,C_donate_recycle D_small_paid F_special_items
5x5,MEDIUM disposal / borrowed vehicle,5000,100000,67340,67340,16490,-17410,-68260,3.809685449196651,33.9,1986.4306784660769,24676,6000,2520,6156,14484,friend_suv,2,C_donate_recycle D_small_paid F_special_items
5x5,MEDIUM disposal / borrowed vehicle,5000,150000,108598,108598,35878,-12602,-85322,5.66322486441385,48.48,2240.057755775578,24676,6000,2520,6156,21726,friend_suv,2,C_donate_recycle D_small_paid F_special_items
5x5,MEDIUM disposal / borrowed vehicle,5000,200000,149856,149856,55266,-7794,-102384,7.247823563551944,63.06,2376.403425309229,24676,6000,2520,6156,28968,friend_suv,2,C_donate_recycle D_small_paid F_special_items
5x5,MEDIUM disposal / borrowed vehicle,5000,300000,232372,232372,94027,1797,-136548,9.81466463929718,92.23,2519.4838989482814,24676,6000,2520,6156,43452,friend_suv,2,C_donate_recycle D_small_paid F_special_items
5x5,MEDIUM disposal / borrowed vehicle,10000,25000,-347,-347,-18572,-30722,-48947,-0.01634787524733817,12.15,-28.559670781893004,30476,11800,2520,6156,3621,friend_suv,2,C_donate_recycle D_small_paid F_special_items
5x5,MEDIUM disposal / borrowed vehicle,10000,50000,20282,20282,-8683,-27993,-56958,0.9229159082635603,19.31,1050.3366131538064,30476,11800,2520,6156,7242,friend_suv,2,C_donate_recycle D_small_paid F_special_items
5x5,MEDIUM disposal / borrowed vehicle,10000,75000,40911,40911,816,-25914,-66009,1.8001848103493796,26.73,1530.5274971941637,30476,11800,2520,6156,10863,friend_suv,2,C_donate_recycle D_small_paid F_special_items
5x5,MEDIUM disposal / borrowed vehicle,10000,100000,61540,61540,10690,-23210,-74060,2.621400579315045,33.9,1815.339233038348,30476,11800,2520,6156,14484,friend_suv,2,C_donate_recycle D_small_paid F_special_items
5x5,MEDIUM disposal / borrowed vehicle,10000,150000,102798,102798,30078,-18402,-91122,4.115871236386932,48.48,2120.4207920792082,30476,11800,2520,6156,21726,friend_suv,2,C_donate_recycle D_small_paid F_special_items
5x5,MEDIUM disposal / borrowed vehicle,10000,200000,144056,144056,49466,-13594,-108184,5.441003172684695,63.06,2284.4275293371393,30476,11800,2520,6156,28968,friend_suv,2,C_donate_recycle D_small_paid F_special_items
5x5,MEDIUM disposal / borrowed vehicle,10000,300000,226572,226572,88227,-4003,-142348,7.686660333830913,92.23,2456.5976363439227,30476,11800,2520,6156,43452,friend_suv,2,C_donate_recycle D_small_paid F_special_items
5x5,MEDIUM disposal / borrowed vehicle,15000,25000,-6247,-6247,-24472,-36622,-54847,-0.23029565730295656,12.15,-514.156378600823,36376,17700,2520,6156,3621,friend_suv,2,C_donate_recycle D_small_paid F_special_items
5x5,MEDIUM disposal / borrowed vehicle,15000,50000,14382,14382,-14583,-33893,-62858,0.5159276797244942,19.31,744.795442775764,36376,17700,2520,6156,7242,friend_suv,2,C_donate_recycle D_small_paid F_special_items
5x5,MEDIUM disposal / borrowed vehicle,15000,75000,35011,35011,-5084,-31814,-71909,1.223048976454971,26.73,1309.801720912832,36376,17700,2520,6156,10863,friend_suv,2,C_donate_recycle D_small_paid F_special_items
5x5,MEDIUM disposal / borrowed vehicle,15000,100000,55640,55640,4790,-29110,-79960,1.8940631808278867,33.9,1641.297935103245,36376,17700,2520,6156,14484,friend_suv,2,C_donate_recycle D_small_paid F_special_items
5x5,MEDIUM disposal / borrowed vehicle,15000,150000,96898,96898,24178,-24302,-97022,3.1382951159476615,48.48,1998.7211221122113,36376,17700,2520,6156,21726,friend_suv,2,C_donate_recycle D_small_paid F_special_items
5x5,MEDIUM disposal / borrowed vehicle,15000,200000,138156,138156,43566,-19494,-114084,4.267234988880652,63.06,2190.8658420551856,36376,17700,2520,6156,28968,friend_suv,2,C_donate_recycle D_small_paid F_special_items
5x5,MEDIUM disposal / borrowed vehicle,15000,300000,220672,220672,82327,-9903,-148248,6.237901402080507,92.23,2392.627127832592,36376,17700,2520,6156,43452,friend_suv,2,C_donate_recycle D_small_paid F_special_items
5x5,MEDIUM disposal / borrowed vehicle,20000,25000,-12147,-12147,-30372,-42522,-60747,-0.36780112638527224,12.15,-999.753086419753,42276,23600,2520,6156,3621,friend_suv,2,C_donate_recycle D_small_paid F_special_items
5x5,MEDIUM disposal / borrowed vehicle,20000,50000,8482,8482,-20483,-39793,-68758,0.2511250592136428,19.31,439.2542723977214,42276,23600,2520,6156,7242,friend_suv,2,C_donate_recycle D_small_paid F_special_items
5x5,MEDIUM disposal / borrowed vehicle,20000,75000,29111,29111,-10984,-37714,-77809,0.8431616752592249,26.73,1089.0759446315,42276,23600,2520,6156,10863,friend_suv,2,C_donate_recycle D_small_paid F_special_items
5x5,MEDIUM disposal / borrowed vehicle,20000,100000,49740,49740,-1110,-35010,-85860,1.4100238122236082,33.9,1467.2566371681417,42276,23600,2520,6156,14484,friend_suv,2,C_donate_recycle D_small_paid F_special_items
5x5,MEDIUM disposal / borrowed vehicle,20000,150000,90998,90998,18278,-30202,-102922,2.4743854687839897,48.48,1877.0214521452147,42276,23600,2520,6156,21726,friend_suv,2,C_donate_recycle D_small_paid F_special_items
5x5,MEDIUM disposal / borrowed vehicle,20000,200000,132256,132256,37666,-25394,-119984,3.45532448531717,63.06,2097.304154773232,42276,23600,2520,6156,28968,friend_suv,2,C_donate_recycle D_small_paid F_special_items
5x5,MEDIUM disposal / borrowed vehicle,20000,300000,214772,214772,76427,-15803,-154148,5.203314274639015,92.23,2328.656619321262,42276,23600,2520,6156,43452,friend_suv,2,C_donate_recycle D_small_paid F_special_items
5x5,MEDIUM disposal / borrowed vehicle,30000,25000,-23947,-23947,-42172,-54322,-72547,-0.5342212109043859,12.15,-1970.946502057613,54076,35400,2520,6156,3621,friend_suv,2,C_donate_recycle D_small_paid F_special_items
5x5,MEDIUM disposal / borrowed vehicle,30000,50000,-3318,-3318,-32283,-51593,-80558,-0.07280147446024224,19.31,-171.82806835836357,54076,35400,2520,6156,7242,friend_suv,2,C_donate_recycle D_small_paid F_special_items
5x5,MEDIUM disposal / borrowed vehicle,30000,75000,17311,17311,-22784,-49514,-89609,0.37367784829253553,26.73,647.6243920688365,54076,35400,2520,6156,10863,friend_suv,2,C_donate_recycle D_small_paid F_special_items
5x5,MEDIUM disposal / borrowed vehicle,30000,100000,37940,37940,-12910,-46810,-97660,0.8059308352451355,33.9,1119.1740412979352,54076,35400,2520,6156,14484,friend_suv,2,C_donate_recycle D_small_paid F_special_items
5x5,MEDIUM disposal / borrowed vehicle,30000,150000,79198,79198,6478,-42002,-114722,1.6303936100131753,48.48,1633.6221122112213,54076,35400,2520,6156,21726,friend_suv,2,C_donate_recycle D_small_paid F_special_items
5x5,MEDIUM disposal / borrowed vehicle,30000,200000,120456,120456,25866,-37194,-131784,2.4054636951833213,63.06,1910.1807802093244,54076,35400,2520,6156,28968,friend_suv,2,C_donate_recycle D_small_paid F_special_items
5x5,MEDIUM disposal / borrowed vehicle,30000,300000,202972,202972,64627,-27603,-165948,3.824176652347577,92.23,2200.7156022986014,54076,35400,2520,6156,43452,friend_suv,2,C_donate_recycle D_small_paid F_special_items
5x5,MEDIUM disposal / borrowed vehicle,50000,25000,-47547,-47547,-65772,-77922,-96147,-0.6948674480460644,12.15,-3913.333333333333,77676,59000,2520,6156,3621,friend_suv,2,C_donate_recycle D_small_paid F_special_items
5x5,MEDIUM disposal / borrowed vehicle,50000,50000,-26918,-26918,-55883,-75193,-104158,-0.3891233953972476,19.31,-1393.9927498705335,77676,59000,2520,6156,7242,friend_suv,2,C_donate_recycle D_small_paid F_special_items
5x5,MEDIUM disposal / borrowed vehicle,50000,75000,-6289,-6289,-46384,-73114,-113209,-0.08993793438778137,26.73,-235.27871305649083,77676,59000,2520,6156,10863,friend_suv,2,C_donate_recycle D_small_paid F_special_items
5x5,MEDIUM disposal / borrowed vehicle,50000,100000,14340,14340,-36510,-70410,-121260,0.20289773048842605,33.9,423.0088495575221,77676,59000,2520,6156,14484,friend_suv,2,C_donate_recycle D_small_paid F_special_items
5x5,MEDIUM disposal / borrowed vehicle,50000,150000,55598,55598,-17122,-65602,-138322,0.7703114608734205,48.48,1146.8234323432343,77676,59000,2520,6156,21726,friend_suv,2,C_donate_recycle D_small_paid F_special_items
5x5,MEDIUM disposal / borrowed vehicle,50000,200000,96856,96856,2266,-60794,-155384,1.3146207720288832,63.06,1535.9340310815096,77676,59000,2520,6156,28968,friend_suv,2,C_donate_recycle D_small_paid F_special_items
5x5,MEDIUM disposal / borrowed vehicle,50000,300000,179372,179372,41027,-51203,-189548,2.3393499921748657,92.23,1944.8335682532797,77676,59000,2520,6156,43452,friend_suv,2,C_donate_recycle D_small_paid F_special_items
5x5,MEDIUM disposal / rental vehicle,0,25000,8453,8453,-8272,-19422,-36147,0.6802671817157573,11.15,758.1165919282511,21676,0,5520,6156,3621,homedepot_cargo_van,1,C_donate_recycle D_small_paid F_special_items
5x5,MEDIUM disposal / rental vehicle,0,50000,29082,29082,1617,-16693,-44158,2.2071948998178508,18.31,1588.3123975969418,21676,0,5520,6156,7242,homedepot_cargo_van,1,C_donate_recycle D_small_paid F_special_items
5x5,MEDIUM disposal / rental vehicle,0,75000,49711,49711,11116,-14614,-53209,3.5696538848197616,25.73,1932.0248736883016,21676,0,5520,6156,10863,homedepot_cargo_van,1,C_donate_recycle D_small_paid F_special_items
5x5,MEDIUM disposal / rental vehicle,0,100000,70340,70340,20990,-11910,-61260,4.79285908967021,32.9,2137.9939209726444,21676,0,5520,6156,14484,homedepot_cargo_van,1,C_donate_recycle D_small_paid F_special_items
5x5,MEDIUM disposal / rental vehicle,0,150000,111598,111598,40378,-7102,-78322,6.898986152324431,47.48,2350.4212299915757,21676,0,5520,6156,21726,homedepot_cargo_van,1,C_donate_recycle D_small_paid F_special_items
5x5,MEDIUM disposal / rental vehicle,0,200000,152856,152856,59766,-2294,-95384,8.64765784114053,62.06,2463.035771833709,21676,0,5520,6156,28968,homedepot_cargo_van,1,C_donate_recycle D_small_paid F_special_items
5x5,MEDIUM disposal / rental vehicle,0,300000,235372,235372,98527,7297,-129548,11.383826658928227,91.23,2579.984654170777,21676,0,5520,6156,43452,homedepot_cargo_van,1,C_donate_recycle D_small_paid F_special_items
5x5,MEDIUM disposal / rental vehicle,5000,25000,2453,2453,-14272,-25422,-42147,0.1331271030066211,11.15,220.0,27676,6000,5520,6156,3621,homedepot_cargo_van,1,C_donate_recycle D_small_paid F_special_items
5x5,MEDIUM disposal / rental vehicle,5000,50000,23082,23082,-4383,-22693,-50158,1.20369211514393,18.31,1260.6226105953033,27676,6000,5520,6156,7242,homedepot_cargo_van,1,C_donate_recycle D_small_paid F_special_items
5x5,MEDIUM disposal / rental vehicle,5000,75000,43711,43711,5116,-20614,-59209,2.1936665662952928,25.73,1698.8340458608627,27676,6000,5520,6156,10863,homedepot_cargo_van,1,C_donate_recycle D_small_paid F_special_items
5x5,MEDIUM disposal / rental vehicle,5000,100000,64340,64340,14990,-17910,-67260,3.1118204681756625,32.9,1955.6231003039516,27676,6000,5520,6156,14484,homedepot_cargo_van,1,C_donate_recycle D_small_paid F_special_items
5x5,MEDIUM disposal / rental vehicle,5000,150000,105598,105598,34378,-13102,-84322,4.761814574314574,47.48,2224.0522325189554,27676,6000,5520,6156,21726,homedepot_cargo_van,1,C_donate_recycle D_small_paid F_special_items
5x5,MEDIUM disposal / rental vehicle,5000,200000,146856,146856,53766,-8294,-101384,6.20273694880892,62.06,2366.355140186916,27676,6000,5520,6156,28968,homedepot_cargo_van,1,C_donate_recycle D_small_paid F_special_items
5x5,MEDIUM disposal / rental vehicle,5000,300000,229372,229372,92527,1297,-135548,8.598440545808966,91.23,2514.2168146443055,27676,6000,5520,6156,43452,homedepot_cargo_van,1,C_donate_recycle D_small_paid F_special_items
5x5,MEDIUM disposal / rental vehicle,10000,25000,-3347,-3347,-20072,-31222,-47947,-0.13815735160571288,11.15,-300.1793721973094,33476,11800,5520,6156,3621,homedepot_cargo_van,1,C_donate_recycle D_small_paid F_special_items
5x5,MEDIUM disposal / rental vehicle,10000,50000,17282,17282,-10183,-28493,-55958,0.691944266495836,18.31,943.8558164937193,33476,11800,5520,6156,7242,homedepot_cargo_van,1,C_donate_recycle D_small_paid F_special_items
5x5,MEDIUM disposal / rental vehicle,10000,75000,37911,37911,-684,-26414,-65009,1.4736453393454094,25.73,1473.416245627672,33476,11800,5520,6156,10863,homedepot_cargo_van,1,C_donate_recycle D_small_paid F_special_items
5x5,MEDIUM disposal / rental vehicle,10000,100000,58540,58540,9190,-23710,-73060,2.2110590723674273,32.9,1779.3313069908816,33476,11800,5520,6156,14484,homedepot_cargo_van,1,C_donate_recycle D_small_paid F_special_items
5x5,MEDIUM disposal / rental vehicle,10000,150000,99798,99798,28578,-18902,-90122,3.5672719473834715,47.48,2101.8955349620896,33476,11800,5520,6156,21726,homedepot_cargo_van,1,C_donate_recycle D_small_paid F_special_items
5x5,MEDIUM disposal / rental vehicle,10000,200000,141056,141056,47966,-14094,-107184,4.7854525715836616,62.06,2272.897196261682,33476,11800,5520,6156,28968,homedepot_cargo_van,1,C_donate_recycle D_small_paid F_special_items
5x5,MEDIUM disposal / rental vehicle,10000,300000,223572,223572,86727,-4503,-141348,6.884222194851582,91.23,2450.641236435383,33476,11800,5520,6156,43452,homedepot_cargo_van,1,C_donate_recycle D_small_paid F_special_items
5x5,MEDIUM disposal / rental vehicle,15000,25000,-9247,-9247,-25972,-37122,-53847,-0.30694416782845385,11.15,-829.3273542600897,39376,17700,5520,6156,3621,homedepot_cargo_van,1,C_donate_recycle D_small_paid F_special_items
5x5,MEDIUM disposal / rental vehicle,15000,50000,11382,11382,-16083,-34393,-61858,0.3686358336572095,18.31,621.6275259421082,39376,17700,5520,6156,7242,homedepot_cargo_van,1,C_donate_recycle D_small_paid F_special_items
5x5,MEDIUM disposal / rental vehicle,15000,75000,32011,32011,-6584,-32314,-70909,1.012173528109783,25.73,1244.1119315973572,39376,17700,5520,6156,10863,homedepot_cargo_van,1,C_donate_recycle D_small_paid F_special_items
5x5,MEDIUM disposal / rental vehicle,15000,100000,52640,52640,3290,-29610,-78960,1.6258957252285644,32.9,1600.0,39376,17700,5520,6156,14484,homedepot_cargo_van,1,C_donate_recycle D_small_paid F_special_items
5x5,MEDIUM disposal / rental vehicle,15000,150000,93898,93898,22678,-24802,-96022,2.7718148541740466,47.48,1977.6326874473464,39376,17700,5520,6156,21726,homedepot_cargo_van,1,C_donate_recycle D_small_paid F_special_items
5x5,MEDIUM disposal / rental vehicle,15000,200000,135156,135156,42066,-19994,-113084,3.8205563093622796,62.06,2177.8279084756687,39376,17700,5520,6156,28968,homedepot_cargo_van,1,C_donate_recycle D_small_paid F_special_items
5x5,MEDIUM disposal / rental vehicle,15000,300000,217672,217672,80827,-10403,-147248,5.672086720867209,91.23,2385.969527567686,39376,17700,5520,6156,43452,homedepot_cargo_van,1,C_donate_recycle D_small_paid F_special_items
5x5,MEDIUM disposal / rental vehicle,20000,25000,-15147,-15147,-31872,-43022,-59747,-0.4204463443068895,11.15,-1358.47533632287,45276,23600,5520,6156,3621,homedepot_cargo_van,1,C_donate_recycle D_small_paid F_special_items
5x5,MEDIUM disposal / rental vehicle,20000,50000,5482,5482,-21983,-40293,-67758,0.14906460735262128,18.31,299.39923539049704,45276,23600,5520,6156,7242,homedepot_cargo_van,1,C_donate_recycle D_small_paid F_special_items
5x5,MEDIUM disposal / rental vehicle,20000,75000,26111,26111,-12484,-38214,-76809,0.6958109044395886,25.73,1014.8076175670424,45276,23600,5520,6156,10863,homedepot_cargo_van,1,C_donate_recycle D_small_paid F_special_items
5x5,MEDIUM disposal / rental vehicle,20000,100000,46740,46740,-2610,-35510,-84860,1.2211307346640192,32.9,1420.6686930091187,45276,23600,5520,6156,14484,homedepot_cargo_van,1,C_donate_recycle D_small_paid F_special_items
5x5,MEDIUM disposal / rental vehicle,20000,150000,87998,87998,16778,-30702,-101922,2.212339098954143,47.48,1853.3698399326033,45276,23600,5520,6156,21726,homedepot_cargo_van,1,C_donate_recycle D_small_paid F_special_items
5x5,MEDIUM disposal / rental vehicle,20000,200000,129256,129256,36166,-25894,-118984,3.1315049907936814,62.06,2082.758620689655,45276,23600,5520,6156,28968,homedepot_cargo_van,1,C_donate_recycle D_small_paid F_special_items
5x5,MEDIUM disposal / rental vehicle,20000,300000,211772,211772,74927,-16303,-153148,4.782997560755263,91.23,2321.297818699989,45276,23600,5520,6156,43452,homedepot_cargo_van,1,C_donate_recycle D_small_paid F_special_items
5x5,MEDIUM disposal / rental vehicle,30000,25000,-26947,-26947,-43672,-54822,-71547,-0.5634382971605403,11.15,-2416.7713004484303,57076,35400,5520,6156,3621,homedepot_cargo_van,1,C_donate_recycle D_small_paid F_special_items
5x5,MEDIUM disposal / rental vehicle,30000,50000,-6318,-6318,-33783,-52093,-79558,-0.13006422924901187,18.31,-345.0573457127253,57076,35400,5520,6156,7242,homedepot_cargo_van,1,C_donate_recycle D_small_paid F_special_items
5x5,MEDIUM disposal / rental vehicle,30000,75000,14311,14311,-24284,-50014,-88609,0.2901309654137777,25.73,556.1989895064128,57076,35400,5520,6156,10863,homedepot_cargo_van,1,C_donate_recycle D_small_paid F_special_items
5x5,MEDIUM disposal / rental vehicle,30000,100000,34940,34940,-14410,-47310,-96660,0.697739436057193,32.9,1062.0060790273558,57076,35400,5520,6156,14484,homedepot_cargo_van,1,C_donate_recycle D_small_paid F_special_items
5x5,MEDIUM disposal / rental vehicle,30000,150000,76198,76198,4978,-42502,-113722,1.4773925856987746,47.48,1604.8441449031172,57076,35400,5520,6156,21726,homedepot_cargo_van,1,C_donate_recycle D_small_paid F_special_items
5x5,MEDIUM disposal / rental vehicle,30000,200000,117456,117456,24366,-37694,-130784,2.2129776170020348,62.06,1892.620045117628,57076,35400,5520,6156,28968,homedepot_cargo_van,1,C_donate_recycle D_small_paid F_special_items
5x5,MEDIUM disposal / rental vehicle,30000,300000,199972,199972,63127,-28103,-164948,3.566088879377987,91.23,2191.9544009645947,57076,35400,5520,6156,43452,homedepot_cargo_van,1,C_donate_recycle D_small_paid F_special_items
5x5,MEDIUM disposal / rental vehicle,50000,25000,-50547,-50547,-67272,-78422,-95147,-0.7076834766051577,11.15,-4533.363228699552,80676,59000,5520,6156,3621,homedepot_cargo_van,1,C_donate_recycle D_small_paid F_special_items
5x5,MEDIUM disposal / rental vehicle,50000,50000,-29918,-29918,-57383,-75693,-103158,-0.4145145200620705,18.31,-1633.97050791917,80676,59000,5520,6156,7242,homedepot_cargo_van,1,C_donate_recycle D_small_paid F_special_items
5x5,MEDIUM disposal / rental vehicle,50000,75000,-9289,-9289,-47884,-73614,-112209,-0.1273756959109234,25.73,-361.0182666148465,80676,59000,5520,6156,10863,homedepot_cargo_van,1,C_donate_recycle D_small_paid F_special_items
5x5,MEDIUM disposal / rental vehicle,50000,100000,11340,11340,-38010,-70910,-120260,0.15391715076822846,32.9,344.6808510638298,80676,59000,5520,6156,14484,homedepot_cargo_van,1,C_donate_recycle D_small_paid F_special_items
5x5,MEDIUM disposal / rental vehicle,50000,150000,52598,52598,-18622,-66102,-137322,0.6996647866340321,47.48,1107.792754844145,80676,59000,5520,6156,21726,homedepot_cargo_van,1,C_donate_recycle D_small_paid F_special_items
5x5,MEDIUM disposal / rental vehicle,50000,200000,93856,93856,766,-61294,-154384,1.224059679691168,62.06,1512.3428939735738,80676,59000,5520,6156,28968,homedepot_cargo_van,1,C_donate_recycle D_small_paid F_special_items
5x5,MEDIUM disposal / rental vehicle,50000,300000,176372,176372,39527,-51703,-188548,2.2136151413223555,91.23,1933.2675654938068,80676,59000,5520,6156,43452,homedepot_cargo_van,1,C_donate_recycle D_small_paid F_special_items
5x5,HIGH disposal / rental vehicle,0,25000,-2101,-2101,-19501,-31101,-48501,-0.09142732811140122,11.6,-181.1206896551724,32230,0,5520,16710,3621,homedepot_cargo_van,1,C_donate_recycle E_dump_run F_special_items
5x5,HIGH disposal / rental vehicle,0,50000,18528,18528,-9612,-28372,-56512,0.7807838179519595,18.76,987.6332622601278,32230,0,5520,16710,7242,homedepot_cargo_van,1,C_donate_recycle E_dump_run F_special_items
5x5,HIGH disposal / rental vehicle,0,75000,39157,39157,-113,-26293,-65563,1.5995506535947712,26.18,1495.6837280366692,32230,0,5520,16710,10863,homedepot_cargo_van,1,C_donate_recycle E_dump_run F_special_items
5x5,HIGH disposal / rental vehicle,0,100000,59786,59786,9761,-23589,-73614,2.3696393182718984,33.35,1792.6836581709144,32230,0,5520,16710,14484,homedepot_cargo_van,1,C_donate_recycle E_dump_run F_special_items
5x5,HIGH disposal / rental vehicle,0,150000,101044,101044,29149,-18781,-90676,3.780172091283202,47.93,2108.15773002295,32230,0,5520,16710,21726,homedepot_cargo_van,1,C_donate_recycle E_dump_run F_special_items
5x5,HIGH disposal / rental vehicle,0,200000,142302,142302,48537,-13973,-107738,5.040807651434644,62.51,2276.467765157575,32230,0,5520,16710,28968,homedepot_cargo_van,1,C_donate_recycle E_dump_run F_special_items
5x5,HIGH disposal / rental vehicle,0,300000,224818,224818,87298,-4382,-141902,7.198783221261608,91.68,2452.203315881326,32230,0,5520,16710,43452,homedepot_cargo_van,1,C_donate_recycle E_dump_run F_special_items
5x5,HIGH disposal / rental vehicle,5000,25000,-8101,-8101,-25501,-37101,-54501,-0.2795376121463078,11.6,-698.3620689655172,38230,6000,5520,16710,3621,homedepot_cargo_van,1,C_donate_recycle E_dump_run F_special_items
5x5,HIGH disposal / rental vehicle,5000,50000,12528,12528,-15612,-34372,-62512,0.4213925327951564,18.76,667.8038379530916,38230,6000,5520,16710,7242,homedepot_cargo_van,1,C_donate_recycle E_dump_run F_special_items
5x5,HIGH disposal / rental vehicle,5000,75000,33157,33157,-6113,-32293,-71563,1.0878280839895014,26.18,1266.5011459129107,38230,6000,5520,16710,10863,homedepot_cargo_van,1,C_donate_recycle E_dump_run F_special_items
5x5,HIGH disposal / rental vehicle,5000,100000,53786,53786,3761,-29589,-79614,1.7222542427153378,33.35,1612.7736131934032,38230,6000,5520,16710,14484,homedepot_cargo_van,1,C_donate_recycle E_dump_run F_special_items
5x5,HIGH disposal / rental vehicle,5000,150000,95044,95044,23149,-24781,-96676,2.903880232202872,47.93,1982.975172126017,38230,6000,5520,16710,21726,homedepot_cargo_van,1,C_donate_recycle E_dump_run F_special_items
5x5,HIGH disposal / rental vehicle,5000,200000,136302,136302,42537,-19973,-113738,3.981945661700263,62.51,2180.483122700368,38230,6000,5520,16710,28968,homedepot_cargo_van,1,C_donate_recycle E_dump_run F_special_items
5x5,HIGH disposal / rental vehicle,5000,300000,218818,218818,81298,-10382,-147902,5.877464410421703,91.68,2386.7582897033158,38230,6000,5520,16710,43452,homedepot_cargo_van,1,C_donate_recycle E_dump_run F_special_items
5x5,HIGH disposal / rental vehicle,10000,25000,-13901,-13901,-31301,-42901,-60301,-0.39968372627947096,11.6,-1198.3620689655172,44030,11800,5520,16710,3621,homedepot_cargo_van,1,C_donate_recycle E_dump_run F_special_items
5x5,HIGH disposal / rental vehicle,10000,50000,6728,6728,-21412,-40172,-68312,0.18936110329299183,18.76,358.63539445628993,44030,11800,5520,16710,7242,homedepot_cargo_van,1,C_donate_recycle E_dump_run F_special_items
5x5,HIGH disposal / rental vehicle,10000,75000,27357,27357,-11913,-38093,-77363,0.7540518191841235,26.18,1044.9579831932774,44030,11800,5520,16710,10863,homedepot_cargo_van,1,C_donate_recycle E_dump_run F_special_items
5x5,HIGH disposal / rental vehicle,10000,100000,47986,47986,-2039,-35389,-85414,1.2958682149608425,33.35,1438.8605697151424,44030,11800,5520,16710,14484,homedepot_cargo_van,1,C_donate_recycle E_dump_run F_special_items
5x5,HIGH disposal / rental vehicle,10000,150000,89244,89244,17349,-30581,-102476,2.3162211263950168,47.93,1861.9653661589819,44030,11800,5520,16710,21726,homedepot_cargo_van,1,C_donate_recycle E_dump_run F_special_items
5x5,HIGH disposal / rental vehicle,10000,200000,130502,130502,36737,-25773,-119538,3.260104921309018,62.51,2087.697968325068,44030,11800,5520,16710,28968,homedepot_cargo_van,1,C_donate_recycle E_dump_run F_special_items
5x5,HIGH disposal / rental vehicle,10000,300000,213018,213018,75498,-16182,-153702,4.950453172205438,91.68,2323.494764397906,44030,11800,5520,16710,43452,homedepot_cargo_van,1,C_donate_recycle E_dump_run F_special_items
5x5,HIGH disposal / rental vehicle,15000,25000,-19801,-19801,-37201,-48801,-66201,-0.48675024582104226,11.6,-1706.9827586206898,49930,17700,5520,16710,3621,homedepot_cargo_van,1,C_donate_recycle E_dump_run F_special_items
5x5,HIGH disposal / rental vehicle,15000,50000,828,828,-27312,-46072,-74212,0.01998551774076756,18.76,44.136460554371,49930,17700,5520,16710,7242,homedepot_cargo_van,1,C_donate_recycle E_dump_run F_special_items
5x5,HIGH disposal / rental vehicle,15000,75000,21457,21457,-17813,-43993,-83263,0.5087008060692271,26.18,819.5951107715814,49930,17700,5520,16710,10863,homedepot_cargo_van,1,C_donate_recycle E_dump_run F_special_items
5x5,HIGH disposal / rental vehicle,15000,100000,42086,42086,-7939,-41289,-91314,0.9803400885161891,33.35,1261.9490254872562,49930,17700,5520,16710,14484,homedepot_cargo_van,1,C_donate_recycle E_dump_run F_special_items
5x5,HIGH disposal / rental vehicle,15000,150000,83344,83344,11449,-36481,-108376,1.8758496511366194,47.93,1738.8691842269977,49930,17700,5520,16710,21726,homedepot_cargo_van,1,C_donate_recycle E_dump_run F_special_items
5x5,HIGH disposal / rental vehicle,15000,200000,124602,124602,30837,-31673,-125438,2.7128674069235794,62.51,1993.3130699088147,49930,17700,5520,16710,28968,homedepot_cargo_van,1,C_donate_recycle E_dump_run F_special_items
5x5,HIGH disposal / rental vehicle,15000,300000,207118,207118,69598,-22082,-159602,4.232945023502963,91.68,2259.1404886561954,49930,17700,5520,16710,43452,homedepot_cargo_van,1,C_donate_recycle E_dump_run F_special_items
5x5,HIGH disposal / rental vehicle,20000,25000,-25701,-25701,-43101,-54701,-72101,-0.5517604121940747,11.6,-2215.6034482758623,55830,23600,5520,16710,3621,homedepot_cargo_van,1,C_donate_recycle E_dump_run F_special_items
5x5,HIGH disposal / rental vehicle,20000,50000,-5072,-5072,-33212,-51972,-80112,-0.10716247623072048,18.76,-270.36247334754796,55830,23600,5520,16710,7242,homedepot_cargo_van,1,C_donate_recycle E_dump_run F_special_items
5x5,HIGH disposal / rental vehicle,20000,75000,15557,15557,-23713,-49893,-89163,0.3235648918469218,26.18,594.2322383498854,55830,23600,5520,16710,10863,homedepot_cargo_van,1,C_donate_recycle E_dump_run F_special_items
5x5,HIGH disposal / rental vehicle,20000,100000,36186,36186,-13839,-47189,-97214,0.7410608232643866,33.35,1085.0374812593702,55830,23600,5520,16710,14484,homedepot_cargo_van,1,C_donate_recycle E_dump_run F_special_items
5x5,HIGH disposal / rental vehicle,20000,150000,77444,77444,5549,-42381,-114276,1.5387244188356846,47.93,1615.7730022950136,55830,23600,5520,16710,21726,homedepot_cargo_van,1,C_donate_recycle E_dump_run F_special_items
5x5,HIGH disposal / rental vehicle,20000,200000,118702,118702,24937,-37573,-131338,2.290218020451476,62.51,1898.9281714925612,55830,23600,5520,16710,28968,homedepot_cargo_van,1,C_donate_recycle E_dump_run F_special_items
5x5,HIGH disposal / rental vehicle,20000,300000,201218,201218,63698,-27982,-165502,3.669852270654751,91.68,2194.786212914485,55830,23600,5520,16710,43452,homedepot_cargo_van,1,C_donate_recycle E_dump_run F_special_items
5x5,HIGH disposal / rental vehicle,30000,25000,-37501,-37501,-54901,-66501,-83901,-0.6423603973963686,11.6,-3232.844827586207,67630,35400,5520,16710,3621,homedepot_cargo_van,1,C_donate_recycle E_dump_run F_special_items
5x5,HIGH disposal / rental vehicle,30000,50000,-16872,-16872,-45012,-63772,-91912,-0.28533739218670723,18.76,-899.3603411513858,67630,35400,5520,16710,7242,homedepot_cargo_van,1,C_donate_recycle E_dump_run F_special_items
5x5,HIGH disposal / rental vehicle,30000,75000,3757,3757,-35513,-61693,-100963,0.06274215096860387,26.18,143.5064935064935,67630,35400,5520,16710,10863,homedepot_cargo_van,1,C_donate_recycle E_dump_run F_special_items
5x5,HIGH disposal / rental vehicle,30000,100000,24386,24386,-25639,-58989,-109014,0.40221012699983505,33.35,731.2143928035981,67630,35400,5520,16710,14484,homedepot_cargo_van,1,C_donate_recycle E_dump_run F_special_items
5x5,HIGH disposal / rental vehicle,30000,150000,65644,65644,-6251,-54181,-126076,1.056558828263319,47.93,1369.5806384310454,67630,35400,5520,16710,21726,homedepot_cargo_van,1,C_donate_recycle E_dump_run F_special_items
5x5,HIGH disposal / rental vehicle,30000,200000,106902,106902,13137,-49373,-143138,1.68005657708628,62.51,1710.1583746600545,67630,35400,5520,16710,28968,homedepot_cargo_van,1,C_donate_recycle E_dump_run F_special_items
5x5,HIGH disposal / rental vehicle,30000,300000,189418,189418,51898,-39782,-177302,2.8428335584571514,91.68,2066.0776614310644,67630,35400,5520,16710,43452,homedepot_cargo_van,1,C_donate_recycle E_dump_run F_special_items
5x5,HIGH disposal / rental vehicle,50000,25000,-61101,-61101,-78501,-90101,-107501,-0.7453159307148085,11.6,-5267.327586206897,91230,59000,5520,16710,3621,homedepot_cargo_van,1,C_donate_recycle E_dump_run F_special_items
5x5,HIGH disposal / rental vehicle,50000,50000,-40472,-40472,-68612,-87372,-115512,-0.48920585035658165,18.76,-2157.3560767590616,91230,59000,5520,16710,7242,homedepot_cargo_van,1,C_donate_recycle E_dump_run F_special_items
5x5,HIGH disposal / rental vehicle,50000,75000,-19843,-19843,-59113,-85293,-124563,-0.23769765213224725,26.18,-757.9449961802903,91230,59000,5520,16710,10863,homedepot_cargo_van,1,C_donate_recycle E_dump_run F_special_items
5x5,HIGH disposal / rental vehicle,50000,100000,786,786,-49239,-82589,-132614,0.009331592069333967,33.35,23.56821589205397,91230,59000,5520,16710,14484,homedepot_cargo_van,1,C_donate_recycle E_dump_run F_special_items
5x5,HIGH disposal / rental vehicle,50000,150000,42044,42044,-29851,-77781,-149676,0.49042342237256503,47.93,877.1959107031087,91230,59000,5520,16710,21726,homedepot_cargo_van,1,C_donate_recycle E_dump_run F_special_items
5x5,HIGH disposal / rental vehicle,50000,200000,83302,83302,-10463,-72973,-166738,0.9549696205433911,62.51,1332.6187809950409,91230,59000,5520,16710,28968,homedepot_cargo_van,1,C_donate_recycle E_dump_run F_special_items
5x5,HIGH disposal / rental vehicle,50000,300000,165818,165818,28298,-63382,-200902,1.8377258118142525,91.68,1808.6605584642232,91230,59000,5520,16710,43452,homedepot_cargo_van,1,C_donate_recycle E_dump_run F_special_items
5x10,LOW disposal / borrowed SUV,0,25000,15529,15529,-4316,-17546,-37391,2.9026168224299065,13.23,1173.771730914588,14600,0,2820,1780,3621,friend_suv,3,C_donate_recycle D_small_paid
5x10,LOW disposal / borrowed SUV,0,50000,36158,36158,5573,-14817,-45402,5.927540983606558,20.39,1773.3202550269739,14600,0,2820,1780,7242,friend_suv,3,C_donate_recycle D_small_paid
5x10,LOW disposal / borrowed SUV,0,75000,56787,56787,15072,-12738,-54453,8.290072992700729,27.81,2041.963322545847,14600,0,2820,1780,10863,friend_suv,3,C_donate_recycle D_small_paid
5x10,LOW disposal / borrowed SUV,0,100000,77416,77416,24946,-10034,-62504,10.186315789473683,34.98,2213.150371640938,14600,0,2820,1780,14484,friend_suv,3,C_donate_recycle D_small_paid
5x10,LOW disposal / borrowed SUV,0,150000,118674,118674,44334,-5226,-79566,13.0410989010989,49.56,2394.55205811138,14600,0,2820,1780,21726,friend_suv,3,C_donate_recycle D_small_paid
5x10,LOW disposal / borrowed SUV,0,200000,159932,159932,63722,-418,-96628,15.087924528301887,64.14,2493.48300592454,14600,0,2820,1780,28968,friend_suv,3,C_donate_recycle D_small_paid
5x10,LOW disposal / borrowed SUV,0,300000,242448,242448,102483,9173,-130792,17.827058823529413,93.31,2598.306719537027,14600,0,2820,1780,43452,friend_suv,3,C_donate_recycle D_small_paid
5x10,LOW disposal / borrowed SUV,5000,25000,9529,9529,-10316,-23546,-43391,0.8395594713656388,13.23,720.2569916855631,20600,6000,2820,1780,3621,friend_suv,3,C_donate_recycle D_small_paid
5x10,LOW disposal / borrowed SUV,5000,50000,30158,30158,-427,-20817,-51402,2.492396694214876,20.39,1479.0583619421284,20600,6000,2820,1780,7242,friend_suv,3,C_donate_recycle D_small_paid
5x10,LOW disposal / borrowed SUV,5000,75000,50787,50787,9072,-18738,-60453,3.952295719844358,27.81,1826.2135922330099,20600,6000,2820,1780,10863,friend_suv,3,C_donate_recycle D_small_paid
5x10,LOW disposal / borrowed SUV,5000,100000,71416,71416,18946,-16034,-68504,5.251176470588235,34.98,2041.6237850200116,20600,6000,2820,1780,14484,friend_suv,3,C_donate_recycle D_small_paid
5x10,LOW disposal / borrowed SUV,5000,150000,112674,112674,38334,-11226,-85566,7.461854304635762,49.56,2273.4866828087165,20600,6000,2820,1780,21726,friend_suv,3,C_donate_recycle D_small_paid
5x10,LOW disposal / borrowed SUV,5000,200000,153932,153932,57722,-6418,-102628,9.27301204819277,64.14,2399.9376364203304,20600,6000,2820,1780,28968,friend_suv,3,C_donate_recycle D_small_paid
5x10,LOW disposal / borrowed SUV,5000,300000,236448,236448,96483,3173,-136792,12.063673469387755,93.31,2534.0049298038793,20600,6000,2820,1780,43452,friend_suv,3,C_donate_recycle D_small_paid
5x10,LOW disposal / borrowed SUV,10000,25000,3729,3729,-16116,-29346,-49191,0.21743440233236153,13.23,281.859410430839,26400,11800,2820,1780,3621,friend_suv,3,C_donate_recycle D_small_paid
5x10,LOW disposal / borrowed SUV,10000,50000,24358,24358,-6227,-26617,-57202,1.3607821229050279,20.39,1194.6051986267778,26400,11800,2820,1780,7242,friend_suv,3,C_donate_recycle D_small_paid
5x10,LOW disposal / borrowed SUV,10000,75000,44987,44987,3272,-24538,-66253,2.412171581769437,27.81,1617.6555195972674,26400,11800,2820,1780,10863,friend_suv,3,C_donate_recycle D_small_paid
5x10,LOW disposal / borrowed SUV,10000,100000,65616,65616,13146,-21834,-74304,3.3822680412371136,34.98,1875.8147512864496,26400,11800,2820,1780,14484,friend_suv,3,C_donate_recycle D_small_paid
5x10,LOW disposal / borrowed SUV,10000,150000,106874,106874,32534,-17026,-91366,5.113588516746412,49.56,2156.456820016142,26400,11800,2820,1780,21726,friend_suv,3,C_donate_recycle D_small_paid
5x10,LOW disposal / borrowed SUV,10000,200000,148132,148132,51922,-12218,-108428,6.613035714285714,64.14,2309.5104458995947,26400,11800,2820,1780,28968,friend_suv,3,C_donate_recycle D_small_paid
5x10,LOW disposal / borrowed SUV,10000,300000,230648,230648,90683,-2627,-142592,9.080629921259842,93.31,2471.846533061837,26400,11800,2820,1780,43452,friend_suv,3,C_donate_recycle D_small_paid
5x10,LOW disposal / borrowed SUV,15000,25000,-2171,-2171,-22016,-35246,-55091,-0.09418655097613883,13.23,-164.09674981103552,32300,17700,2820,1780,3621,friend_suv,3,C_donate_recycle D_small_paid
5x10,LOW disposal / borrowed SUV,15000,50000,18458,18458,-12127,-32517,-63102,0.7755462184873949,20.39,905.2476704266797,32300,17700,2820,1780,7242,friend_suv,3,C_donate_recycle D_small_paid
5x10,LOW disposal / borrowed SUV,15000,75000,39087,39087,-2628,-30438,-72153,1.5921384928716904,27.81,1405.5016181229773,32300,17700,2820,1780,10863,friend_suv,3,C_donate_recycle D_small_paid
5x10,LOW disposal / borrowed SUV,15000,100000,59716,59716,7246,-27734,-80204,2.360316205533597,34.98,1707.1469411092055,32300,17700,2820,1780,14484,friend_suv,3,C_donate_recycle D_small_paid
5x10,LOW disposal / borrowed SUV,15000,150000,100974,100974,26634,-22926,-97266,3.767686567164179,49.56,2037.409200968523,32300,17700,2820,1780,21726,friend_suv,3,C_donate_recycle D_small_paid
5x10,LOW disposal / borrowed SUV,15000,200000,142232,142232,46022,-18118,-114328,5.025865724381625,64.14,2217.524165887122,32300,17700,2820,1780,28968,friend_suv,3,C_donate_recycle D_small_paid
5x10,LOW disposal / borrowed SUV,15000,300000,224748,224748,84783,-8527,-148492,7.180447284345048,93.31,2408.6164398242418,32300,17700,2820,1780,43452,friend_suv,3,C_donate_recycle D_small_paid
5x10,LOW disposal / borrowed SUV,20000,25000,-8071,-8071,-27916,-41146,-60991,-0.2787910189982729,13.23,-610.0529100529101,38200,23600,2820,1780,3621,friend_suv,3,C_donate_recycle D_small_paid
5x10,LOW disposal / borrowed SUV,20000,50000,12558,12558,-18027,-38417,-69002,0.42282828282828283,20.39,615.8901422265816,38200,23600,2820,1780,7242,friend_suv,3,C_donate_recycle D_small_paid
5x10,LOW disposal / borrowed SUV,20000,75000,33187,33187,-8528,-36338,-78053,1.0898850574712644,27.81,1193.3477166486875,38200,23600,2820,1780,10863,friend_suv,3,C_donate_recycle D_small_paid
5x10,LOW disposal / borrowed SUV,20000,100000,53816,53816,1346,-33634,-86104,1.7248717948717949,34.98,1538.4791309319612,38200,23600,2820,1780,14484,friend_suv,3,C_donate_recycle D_small_paid
5x10,LOW disposal / borrowed SUV,20000,150000,95074,95074,20734,-28826,-103166,2.9074617737003057,49.56,1918.361581920904,38200,23600,2820,1780,21726,friend_suv,3,C_donate_recycle D_small_paid
5x10,LOW disposal / borrowed SUV,20000,200000,136332,136332,40122,-24018,-120228,3.986315789473684,64.14,2125.537885874649,38200,23600,2820,1780,28968,friend_suv,3,C_donate_recycle D_small_paid
5x10,LOW disposal / borrowed SUV,20000,300000,218848,218848,78883,-14427,-154392,5.883010752688172,93.31,2345.3863465866466,38200,23600,2820,1780,43452,friend_suv,3,C_donate_recycle D_small_paid
5x10,LOW disposal / borrowed SUV,30000,25000,-19871,-19871,-39716,-52946,-72791,-0.4876319018404908,13.23,-1501.965230536659,50000,35400,2820,1780,3621,friend_suv,3,C_donate_recycle D_small_paid
5x10,LOW disposal / borrowed SUV,30000,50000,758,758,-29827,-50217,-80802,0.018265060240963856,20.39,37.175085826385484,50000,35400,2820,1780,7242,friend_suv,3,C_donate_recycle D_small_paid
5x10,LOW disposal / borrowed SUV,30000,75000,21387,21387,-20328,-48138,-89853,0.5062011834319526,27.81,769.039913700108,50000,35400,2820,1780,10863,friend_suv,3,C_donate_recycle D_small_paid
5x10,LOW disposal / borrowed SUV,30000,100000,42016,42016,-10454,-45434,-97904,0.9771162790697674,34.98,1201.1435105774729,50000,35400,2820,1780,14484,friend_suv,3,C_donate_recycle D_small_paid
5x10,LOW disposal / borrowed SUV,30000,150000,83274,83274,8934,-40626,-114966,1.8713258426966293,49.56,1680.2663438256657,50000,35400,2820,1780,21726,friend_suv,3,C_donate_recycle D_small_paid
5x10,LOW disposal / borrowed SUV,30000,200000,124532,124532,28322,-35818,-132028,2.707217391304348,64.14,1941.5653258497039,50000,35400,2820,1780,28968,friend_suv,3,C_donate_recycle D_small_paid
5x10,LOW disposal / borrowed SUV,30000,300000,207048,207048,67083,-26227,-166192,4.225469387755102,93.31,2218.9261601114563,50000,35400,2820,1780,43452,friend_suv,3,C_donate_recycle D_small_paid
5x10,LOW disposal / borrowed SUV,50000,25000,-43471,-43471,-63316,-76546,-96391,-0.6755400155400155,13.23,-3285.789871504157,73600,59000,2820,1780,3621,friend_suv,3,C_donate_recycle D_small_paid
5x10,LOW disposal / borrowed SUV,50000,50000,-22842,-22842,-53427,-73817,-104402,-0.35087557603686637,20.39,-1120.2550269740068,73600,59000,2820,1780,7242,friend_suv,3,C_donate_recycle D_small_paid
5x10,LOW disposal / borrowed SUV,50000,75000,-2213,-2213,-43928,-71738,-113453,-0.03360668185269552,27.81,-79.57569219705142,73600,59000,2820,1780,10863,friend_suv,3,C_donate_recycle D_small_paid
5x10,LOW disposal / borrowed SUV,50000,100000,18416,18416,-34054,-69034,-121504,0.27651651651651654,34.98,526.4722698684964,73600,59000,2820,1780,14484,friend_suv,3,C_donate_recycle D_small_paid
5x10,LOW disposal / borrowed SUV,50000,150000,59674,59674,-14666,-64226,-138566,0.8762701908957415,49.56,1204.0758676351895,73600,59000,2820,1780,21726,friend_suv,3,C_donate_recycle D_small_paid
5x10,LOW disposal / borrowed SUV,50000,200000,100932,100932,4722,-59418,-155628,1.4501724137931034,64.14,1573.620205799813,73600,59000,2820,1780,28968,friend_suv,3,C_donate_recycle D_small_paid
5x10,LOW disposal / borrowed SUV,50000,300000,183448,183448,43483,-49827,-189792,2.526831955922865,93.31,1966.005787161076,73600,59000,2820,1780,43452,friend_suv,3,C_donate_recycle D_small_paid
5x10,LOW disposal / rental van,0,25000,9122,9122,-7723,-18953,-35798,0.7758782002211448,11.23,812.2885129118432,21007,0,9227,1780,3621,uhaul_cargo_van,1,C_donate_recycle D_small_paid
5x10,LOW disposal / rental van,0,50000,29751,29751,2166,-16224,-43809,2.3787479011753416,18.39,1617.7814029363785,21007,0,9227,1780,7242,uhaul_cargo_van,1,C_donate_recycle D_small_paid
5x10,LOW disposal / rental van,0,75000,50380,50380,11665,-14145,-52860,3.8002564682809084,25.81,1951.9566059666797,21007,0,9227,1780,10863,uhaul_cargo_van,1,C_donate_recycle D_small_paid
5x10,LOW disposal / rental van,0,100000,71009,71009,21539,-11441,-60911,5.069536660241308,32.98,2153.092783505155,21007,0,9227,1780,14484,uhaul_cargo_van,1,C_donate_recycle D_small_paid
5x10,LOW disposal / rental van,0,150000,112267,112267,40927,-6633,-77973,7.239762687818405,47.56,2360.534062237174,21007,0,9227,1780,21726,uhaul_cargo_van,1,C_donate_recycle D_small_paid
5x10,LOW disposal / rental van,0,200000,153525,153525,60315,-1825,-95035,9.027165284882695,62.14,2470.630833601545,21007,0,9227,1780,28968,uhaul_cargo_van,1,C_donate_recycle D_small_paid
5x10,LOW disposal / rental van,0,300000,236041,236041,99076,7766,-129199,11.79792072774529,91.31,2585.0509254189024,21007,0,9227,1780,43452,uhaul_cargo_van,1,C_donate_recycle D_small_paid
5x10,LOW disposal / rental van,5000,25000,3122,3122,-13723,-24953,-41798,0.17581798727262488,11.23,278.0053428317008,27007,6000,9227,1780,3621,uhaul_cargo_van,1,C_donate_recycle D_small_paid
5x10,LOW disposal / rental van,5000,50000,23751,23751,-3834,-22224,-49809,1.28335224509645,18.39,1291.5171288743882,27007,6000,9227,1780,7242,uhaul_cargo_van,1,C_donate_recycle D_small_paid
5x10,LOW disposal / rental van,5000,75000,44380,44380,5665,-20145,-58860,2.3046165030897856,25.81,1719.488570321581,27007,6000,9227,1780,10863,uhaul_cargo_van,1,C_donate_recycle D_small_paid
5x10,LOW disposal / rental van,5000,100000,65009,65009,15539,-17441,-66911,3.2493127405408107,32.98,1971.1643420254702,27007,6000,9227,1780,14484,uhaul_cargo_van,1,C_donate_recycle D_small_paid
5x10,LOW disposal / rental van,5000,150000,106267,106267,34927,-12633,-83973,4.941042451294927,47.56,2234.377628259041,27007,6000,9227,1780,21726,uhaul_cargo_van,1,C_donate_recycle D_small_paid
5x10,LOW disposal / rental van,5000,200000,147525,147525,54315,-7825,-101035,6.412178902073282,62.14,2374.0746700997747,27007,6000,9227,1780,28968,uhaul_cargo_van,1,C_donate_recycle D_small_paid
5x10,LOW disposal / rental van,5000,300000,230041,230041,93076,1766,-135199,8.845349329026801,91.31,2519.340707480013,27007,6000,9227,1780,43452,uhaul_cargo_van,1,C_donate_recycle D_small_paid
5x10,LOW disposal / rental van,10000,25000,-2678,-2678,-19523,-30753,-47598,-0.11368170819713885,11.23,-238.46838824577026,32807,11800,9227,1780,3621,uhaul_cargo_van,1,C_donate_recycle D_small_paid
5x10,LOW disposal / rental van,10000,50000,17951,17951,-9634,-28024,-55609,0.7385115398856297,18.39,976.1283306144644,32807,11800,9227,1780,7242,uhaul_cargo_van,1,C_donate_recycle D_small_paid
5x10,LOW disposal / rental van,10000,75000,38580,38580,-135,-25945,-64660,1.539689507921938,25.81,1494.7694691979852,32807,11800,9227,1780,10863,uhaul_cargo_van,1,C_donate_recycle D_small_paid
5x10,LOW disposal / rental van,10000,100000,59209,59209,9739,-23241,-72711,2.2942999961250825,32.98,1795.3001819284416,32807,11800,9227,1780,14484,uhaul_cargo_van,1,C_donate_recycle D_small_paid
5x10,LOW disposal / rental van,10000,150000,100467,100467,29127,-18433,-89773,3.679166514080639,47.56,2112.426408746846,32807,11800,9227,1780,21726,uhaul_cargo_van,1,C_donate_recycle D_small_paid
5x10,LOW disposal / rental van,10000,200000,141725,141725,48515,-13625,-106835,4.919811157010449,62.14,2280.737045381397,32807,11800,9227,1780,28968,uhaul_cargo_van,1,C_donate_recycle D_small_paid
5x10,LOW disposal / rental van,10000,300000,224241,224241,87276,-4034,-140999,7.050051875373345,91.31,2455.8208301390864,32807,11800,9227,1780,43452,uhaul_cargo_van,1,C_donate_recycle D_small_paid
5x10,LOW disposal / rental van,15000,25000,-8578,-8578,-25423,-36653,-53498,-0.2912041280510575,11.23,-763.846838824577,38707,17700,9227,1780,3621,uhaul_cargo_van,1,C_donate_recycle D_small_paid
5x10,LOW disposal / rental van,15000,50000,12051,12051,-15534,-33924,-61509,0.3989472638792333,18.39,655.3017944535073,38707,17700,9227,1780,7242,uhaul_cargo_van,1,C_donate_recycle D_small_paid
5x10,LOW disposal / rental van,15000,75000,32680,32680,-6035,-31845,-70560,1.0556578479826857,25.81,1266.1759008136382,38707,17700,9227,1780,10863,uhaul_cargo_van,1,C_donate_recycle D_small_paid
5x10,LOW disposal / rental van,15000,100000,53309,53309,3839,-29141,-78611,1.6813006591604378,32.98,1616.403881140085,38707,17700,9227,1780,14484,uhaul_cargo_van,1,C_donate_recycle D_small_paid
5x10,LOW disposal / rental van,15000,150000,94567,94567,23227,-24333,-95673,2.847803174029572,47.56,1988.372582001682,38707,17700,9227,1780,21726,uhaul_cargo_van,1,C_donate_recycle D_small_paid
5x10,LOW disposal / rental van,15000,200000,135825,135825,42615,-19525,-112735,3.913475667732734,62.14,2185.790151271323,38707,17700,9227,1780,28968,uhaul_cargo_van,1,C_donate_recycle D_small_paid
5x10,LOW disposal / rental van,15000,300000,218341,218341,81376,-9934,-146899,5.790463309199883,91.31,2391.2057824991784,38707,17700,9227,1780,43452,uhaul_cargo_van,1,C_donate_recycle D_small_paid
5x10,LOW disposal / rental van,20000,25000,-14478,-14478,-31323,-42553,-59398,-0.4094804423452216,11.23,-1289.2252894033838,44607,23600,9227,1780,3621,uhaul_cargo_van,1,C_donate_recycle D_small_paid
5x10,LOW disposal / rental van,20000,50000,6151,6151,-21434,-39824,-67409,0.17035477885174619,18.39,334.4752582925503,44607,23600,9227,1780,7242,uhaul_cargo_van,1,C_donate_recycle D_small_paid
5x10,LOW disposal / rental van,20000,75000,26780,26780,-11935,-37745,-76460,0.7265919635347424,25.81,1037.582332429291,44607,23600,9227,1780,10863,uhaul_cargo_van,1,C_donate_recycle D_small_paid
5x10,LOW disposal / rental van,20000,100000,47409,47409,-2061,-35041,-84511,1.2606429654053766,32.98,1437.5075803517284,44607,23600,9227,1780,14484,uhaul_cargo_van,1,C_donate_recycle D_small_paid
5x10,LOW disposal / rental van,20000,150000,88667,88667,17327,-30233,-101573,2.267292300611144,47.56,1864.318755256518,44607,23600,9227,1780,21726,uhaul_cargo_van,1,C_donate_recycle D_small_paid
5x10,LOW disposal / rental van,20000,200000,129925,129925,36715,-25425,-118635,3.1995715024503166,62.14,2090.843257161249,44607,23600,9227,1780,28968,uhaul_cargo_van,1,C_donate_recycle D_small_paid
5x10,LOW disposal / rental van,20000,300000,212441,212441,75476,-15834,-152799,4.871717843465499,91.31,2326.5907348592705,44607,23600,9227,1780,43452,uhaul_cargo_van,1,C_donate_recycle D_small_paid
5x10,LOW disposal / rental van,30000,25000,-26278,-26278,-43123,-54353,-71198,-0.5572449477278029,11.23,-2339.9821905609974,56407,35400,9227,1780,3621,uhaul_cargo_van,1,C_donate_recycle D_small_paid
5x10,LOW disposal / rental van,30000,50000,-5649,-5649,-33234,-51624,-79209,-0.11791596217671739,18.39,-307.1778140293638,56407,35400,9227,1780,7242,uhaul_cargo_van,1,C_donate_recycle D_small_paid
5x10,LOW disposal / rental van,30000,75000,14980,14980,-23735,-49545,-88260,0.3078693713134801,25.81,580.3951956605966,56407,35400,9227,1780,10863,uhaul_cargo_van,1,C_donate_recycle D_small_paid
5x10,LOW disposal / rental van,30000,100000,35609,35609,-13861,-46841,-96311,0.7207278320885705,32.98,1079.7149787750152,56407,35400,9227,1780,14484,uhaul_cargo_van,1,C_donate_recycle D_small_paid
5x10,LOW disposal / rental van,30000,150000,76867,76867,5527,-42033,-113373,1.509949515783684,47.56,1616.21110176619,56407,35400,9227,1780,21726,uhaul_cargo_van,1,C_donate_recycle D_small_paid
5x10,LOW disposal / rental van,30000,200000,118125,118125,24915,-37225,-130435,2.2539927872230807,62.14,1900.9494689411008,56407,35400,9227,1780,28968,uhaul_cargo_van,1,C_donate_recycle D_small_paid
5x10,LOW disposal / rental van,30000,300000,200641,200641,63676,-27634,-164599,3.621221145342646,91.31,2197.3606395794545,56407,35400,9227,1780,43452,uhaul_cargo_van,1,C_donate_recycle D_small_paid
5x10,LOW disposal / rental van,50000,25000,-49878,-49878,-66723,-77953,-94798,-0.7049196545924785,11.23,-4441.495992876225,80007,59000,9227,1780,3621,uhaul_cargo_van,1,C_donate_recycle D_small_paid
5x10,LOW disposal / rental van,50000,50000,-29249,-29249,-56834,-75224,-102809,-0.40903687750849566,18.39,-1590.4839586731919,80007,59000,9227,1780,7242,uhaul_cargo_van,1,C_donate_recycle D_small_paid
5x10,LOW disposal / rental van,50000,75000,-8620,-8620,-47335,-73145,-111860,-0.11929640034875513,25.81,-333.97907787679196,80007,59000,9227,1780,10863,uhaul_cargo_van,1,C_donate_recycle D_small_paid
5x10,LOW disposal / rental van,50000,100000,12009,12009,-37461,-70441,-119911,0.16449107619817277,32.98,364.12977562158886,80007,59000,9227,1780,14484,uhaul_cargo_van,1,C_donate_recycle D_small_paid
5x10,LOW disposal / rental van,50000,150000,53267,53267,-18073,-65633,-136973,0.7149261143248286,47.56,1119.995794785534,80007,59000,9227,1780,21726,uhaul_cargo_van,1,C_donate_recycle D_small_paid
5x10,LOW disposal / rental van,50000,200000,94525,94525,1315,-60825,-154035,1.2436354546291788,62.14,1521.1618925008047,80007,59000,9227,1780,28968,uhaul_cargo_van,1,C_donate_recycle D_small_paid
5x10,LOW disposal / rental van,50000,300000,177041,177041,40076,-51234,-188199,2.240826762185629,91.31,1938.9004490198226,80007,59000,9227,1780,43452,uhaul_cargo_van,1,C_donate_recycle D_small_paid
5x10,MEDIUM disposal / borrowed vehicle,0,25000,-1771,-1771,-25096,-40646,-63971,-0.07818984547461369,15.55,-113.89067524115755,31900,0,3420,18480,3621,friend_suv,4,C_donate_recycle E_dump_run F_special_items
5x10,MEDIUM disposal / borrowed vehicle,0,50000,18858,18858,-15207,-37917,-71982,0.8058974358974359,22.71,830.3830911492735,31900,0,3420,18480,7242,friend_suv,4,C_donate_recycle E_dump_run F_special_items
5x10,MEDIUM disposal / borrowed vehicle,0,75000,39487,39487,-5708,-35838,-81033,1.635072463768116,30.13,1310.5542648523067,31900,0,3420,18480,10863,friend_suv,4,C_donate_recycle E_dump_run F_special_items
5x10,MEDIUM disposal / borrowed vehicle,0,100000,60116,60116,4166,-33134,-89084,2.41429718875502,37.3,1611.6890080428955,31900,0,3420,18480,14484,friend_suv,4,C_donate_recycle E_dump_run F_special_items
5x10,MEDIUM disposal / borrowed vehicle,0,150000,101374,101374,23554,-28326,-106146,3.8399242424242424,51.88,1954.0092521202776,31900,0,3420,18480,21726,friend_suv,4,C_donate_recycle E_dump_run F_special_items
5x10,MEDIUM disposal / borrowed vehicle,0,200000,142632,142632,42942,-23518,-123208,5.112258064516129,66.46,2146.1330123382486,31900,0,3420,18480,28968,friend_suv,4,C_donate_recycle E_dump_run F_special_items
5x10,MEDIUM disposal / borrowed vehicle,0,300000,225148,225148,81703,-13927,-157372,7.286343042071198,95.63,2354.3657847955665,31900,0,3420,18480,43452,friend_suv,4,C_donate_recycle E_dump_run F_special_items
5x10,MEDIUM disposal / borrowed vehicle,5000,25000,-7771,-7771,-31096,-46646,-69971,-0.271239092495637,15.55,-499.7427652733119,37900,6000,3420,18480,3621,friend_suv,4,C_donate_recycle E_dump_run F_special_items
5x10,MEDIUM disposal / borrowed vehicle,5000,50000,12858,12858,-21207,-43917,-77982,0.43734693877551023,22.71,566.1822985468956,37900,6000,3420,18480,7242,friend_suv,4,C_donate_recycle E_dump_run F_special_items
5x10,MEDIUM disposal / borrowed vehicle,5000,75000,33487,33487,-11708,-41838,-87033,1.1106799336650084,30.13,1111.4171921672753,37900,6000,3420,18480,10863,friend_suv,4,C_donate_recycle E_dump_run F_special_items
5x10,MEDIUM disposal / borrowed vehicle,5000,100000,54116,54116,-1834,-39134,-95084,1.7513268608414239,37.3,1450.8310991957105,37900,6000,3420,18480,14484,friend_suv,4,C_donate_recycle E_dump_run F_special_items
5x10,MEDIUM disposal / borrowed vehicle,5000,150000,95374,95374,17554,-34326,-112146,2.943641975308642,51.88,1838.3577486507324,37900,6000,3420,18480,21726,friend_suv,4,C_donate_recycle E_dump_run F_special_items
5x10,MEDIUM disposal / borrowed vehicle,5000,200000,136632,136632,36942,-29518,-129208,4.0304424778761065,66.46,2055.853144748721,37900,6000,3420,18480,28968,friend_suv,4,C_donate_recycle E_dump_run F_special_items
5x10,MEDIUM disposal / borrowed vehicle,5000,300000,219148,219148,75703,-19927,-163372,5.938970189701897,95.63,2291.6239673742552,37900,6000,3420,18480,43452,friend_suv,4,C_donate_recycle E_dump_run F_special_items
5x10,MEDIUM disposal / borrowed vehicle,10000,25000,-13571,-13571,-36896,-52446,-75771,-0.393933236574746,15.55,-872.733118971061,43700,11800,3420,18480,3621,friend_suv,4,C_donate_recycle E_dump_run F_special_items
5x10,MEDIUM disposal / borrowed vehicle,10000,50000,7058,7058,-27007,-49717,-83782,0.20051136363636363,22.71,310.78819903126373,43700,11800,3420,18480,7242,friend_suv,4,C_donate_recycle E_dump_run F_special_items
5x10,MEDIUM disposal / borrowed vehicle,10000,75000,27687,27687,-17508,-47638,-92833,0.7701529902642559,30.13,918.918021905078,43700,11800,3420,18480,10863,friend_suv,4,C_donate_recycle E_dump_run F_special_items
5x10,MEDIUM disposal / borrowed vehicle,10000,100000,48316,48316,-7634,-44934,-100884,1.3165122615803815,37.3,1295.3351206434318,43700,11800,3420,18480,14484,friend_suv,4,C_donate_recycle E_dump_run F_special_items
5x10,MEDIUM disposal / borrowed vehicle,10000,150000,89574,89574,11754,-40126,-117946,2.344869109947644,51.88,1726.5612952968388,43700,11800,3420,18480,21726,friend_suv,4,C_donate_recycle E_dump_run F_special_items
5x10,MEDIUM disposal / borrowed vehicle,10000,200000,130832,130832,31142,-35318,-135008,3.2955163727959698,66.46,1968.5826060788445,43700,11800,3420,18480,28968,friend_suv,4,C_donate_recycle E_dump_run F_special_items
5x10,MEDIUM disposal / borrowed vehicle,10000,300000,213348,213348,69903,-25727,-169172,4.996440281030445,95.63,2230.9735438669873,43700,11800,3420,18480,43452,friend_suv,4,C_donate_recycle E_dump_run F_special_items
5x10,MEDIUM disposal / borrowed vehicle,15000,25000,-19471,-19471,-42796,-58346,-81671,-0.4825526641883519,15.55,-1252.1543408360128,49600,17700,3420,18480,3621,friend_suv,4,C_donate_recycle E_dump_run F_special_items
5x10,MEDIUM disposal / borrowed vehicle,15000,50000,1158,1158,-32907,-55617,-89682,0.028175182481751826,22.71,50.99075297225892,49600,17700,3420,18480,7242,friend_suv,4,C_donate_recycle E_dump_run F_special_items
5x10,MEDIUM disposal / borrowed vehicle,15000,75000,21787,21787,-23408,-53538,-98733,0.5205973715651135,30.13,723.0999004314637,49600,17700,3420,18480,10863,friend_suv,4,C_donate_recycle E_dump_run F_special_items
5x10,MEDIUM disposal / borrowed vehicle,15000,100000,42416,42416,-13534,-50834,-106784,0.9956807511737089,37.3,1137.1581769436998,49600,17700,3420,18480,14484,friend_suv,4,C_donate_recycle E_dump_run F_special_items
5x10,MEDIUM disposal / borrowed vehicle,15000,150000,83674,83674,5854,-46026,-123846,1.8973696145124717,51.88,1612.8373168851194,49600,17700,3420,18480,21726,friend_suv,4,C_donate_recycle E_dump_run F_special_items
5x10,MEDIUM disposal / borrowed vehicle,15000,200000,124932,124932,25242,-41218,-140908,2.739736842105263,66.46,1879.8074029491424,49600,17700,3420,18480,28968,friend_suv,4,C_donate_recycle E_dump_run F_special_items
5x10,MEDIUM disposal / borrowed vehicle,15000,300000,207448,207448,64003,-31627,-175072,4.268477366255144,95.63,2169.277423402698,49600,17700,3420,18480,43452,friend_suv,4,C_donate_recycle E_dump_run F_special_items
5x10,MEDIUM disposal / borrowed vehicle,20000,25000,-25371,-25371,-48696,-64246,-87571,-0.5485621621621621,15.55,-1631.5755627009646,55500,23600,3420,18480,3621,friend_suv,4,C_donate_recycle E_dump_run F_special_items
5x10,MEDIUM disposal / borrowed vehicle,20000,50000,-4742,-4742,-38807,-61517,-95582,-0.1008936170212766,22.71,-208.80669308674592,55500,23600,3420,18480,7242,friend_suv,4,C_donate_recycle E_dump_run F_special_items
5x10,MEDIUM disposal / borrowed vehicle,20000,75000,15887,15887,-29308,-59438,-104633,0.33271204188481673,30.13,527.2817789578494,55500,23600,3420,18480,10863,friend_suv,4,C_donate_recycle E_dump_run F_special_items
5x10,MEDIUM disposal / borrowed vehicle,20000,100000,36516,36516,-19434,-56734,-112684,0.7529072164948454,37.3,978.981233243968,55500,23600,3420,18480,14484,friend_suv,4,C_donate_recycle E_dump_run F_special_items
5x10,MEDIUM disposal / borrowed vehicle,20000,150000,77774,77774,-46,-51926,-129746,1.55548,51.88,1499.1133384734,55500,23600,3420,18480,21726,friend_suv,4,C_donate_recycle E_dump_run F_special_items
5x10,MEDIUM disposal / borrowed vehicle,20000,200000,119032,119032,19342,-47118,-146808,2.3113009708737864,66.46,1791.0321998194404,55500,23600,3420,18480,28968,friend_suv,4,C_donate_recycle E_dump_run F_special_items
5x10,MEDIUM disposal / borrowed vehicle,20000,300000,201548,201548,58103,-37527,-180972,3.6981284403669723,95.63,2107.5813029384085,55500,23600,3420,18480,43452,friend_suv,4,C_donate_recycle E_dump_run F_special_items
5x10,MEDIUM disposal / borrowed vehicle,30000,25000,-37171,-37171,-60496,-76046,-99371,-0.6403273040482342,15.55,-2390.418006430868,67300,35400,3420,18480,3621,friend_suv,4,C_donate_recycle E_dump_run F_special_items
5x10,MEDIUM disposal / borrowed vehicle,30000,50000,-16542,-16542,-50607,-73317,-107382,-0.2813265306122449,22.71,-728.4015852047556,67300,35400,3420,18480,7242,friend_suv,4,C_donate_recycle E_dump_run F_special_items
5x10,MEDIUM disposal / borrowed vehicle,30000,75000,4087,4087,-41108,-71238,-116433,0.06863140218303947,30.13,135.64553601062065,67300,35400,3420,18480,10863,friend_suv,4,C_donate_recycle E_dump_run F_special_items
5x10,MEDIUM disposal / borrowed vehicle,30000,100000,24716,24716,-31234,-68534,-124484,0.4098839137645108,37.3,662.627345844504,67300,35400,3420,18480,14484,friend_suv,4,C_donate_recycle E_dump_run F_special_items
5x10,MEDIUM disposal / borrowed vehicle,30000,150000,65974,65974,-11846,-63726,-141546,1.0675404530744337,51.88,1271.6653816499613,67300,35400,3420,18480,21726,friend_suv,4,C_donate_recycle E_dump_run F_special_items
5x10,MEDIUM disposal / borrowed vehicle,30000,200000,107232,107232,7542,-58918,-158608,1.6940284360189573,66.46,1613.4817935600363,67300,35400,3420,18480,28968,friend_suv,4,C_donate_recycle E_dump_run F_special_items
5x10,MEDIUM disposal / borrowed vehicle,30000,300000,189748,189748,46303,-49327,-192772,2.8619607843137254,95.63,1984.1890620098297,67300,35400,3420,18480,43452,friend_suv,4,C_donate_recycle E_dump_run F_special_items
5x10,MEDIUM disposal / borrowed vehicle,50000,25000,-60771,-60771,-84096,-99646,-122971,-0.7442865890998163,15.55,-3908.102893890675,90900,59000,3420,18480,3621,friend_suv,4,C_donate_recycle E_dump_run F_special_items
5x10,MEDIUM disposal / borrowed vehicle,50000,50000,-40142,-40142,-74207,-96917,-130982,-0.48716019417475726,22.71,-1767.591369440775,90900,59000,3420,18480,7242,friend_suv,4,C_donate_recycle E_dump_run F_special_items
5x10,MEDIUM disposal / borrowed vehicle,50000,75000,-19513,-19513,-64708,-94838,-140033,-0.23467227901383042,30.13,-647.6269498838367,90900,59000,3420,18480,10863,friend_suv,4,C_donate_recycle E_dump_run F_special_items
5x10,MEDIUM disposal / borrowed vehicle,50000,100000,1116,1116,-54834,-92134,-148084,0.0133015494636472,37.3,29.91957104557641,90900,59000,3420,18480,14484,friend_suv,4,C_donate_recycle E_dump_run F_special_items
5x10,MEDIUM disposal / borrowed vehicle,50000,150000,42374,42374,-35446,-87326,-165146,0.49618266978922715,51.88,816.769468003084,90900,59000,3420,18480,21726,friend_suv,4,C_donate_recycle E_dump_run F_special_items
5x10,MEDIUM disposal / borrowed vehicle,50000,200000,83632,83632,-16058,-82518,-182208,0.9623935558112773,66.46,1258.3809810412279,90900,59000,3420,18480,28968,friend_suv,4,C_donate_recycle E_dump_run F_special_items
5x10,MEDIUM disposal / borrowed vehicle,50000,300000,166148,166148,22703,-72927,-216372,1.848142380422692,95.63,1737.4045801526718,90900,59000,3420,18480,43452,friend_suv,4,C_donate_recycle E_dump_run F_special_items
5x10,MEDIUM disposal / rental vehicle,0,25000,-3691,-3691,-23266,-36316,-55891,-0.15022385022385024,13.05,-282.83524904214556,33820,0,7920,15900,3621,homedepot_cargo_van,2,C_donate_recycle E_dump_run F_special_items
5x10,MEDIUM disposal / rental vehicle,0,50000,16938,16938,-13377,-33587,-63902,0.668957345971564,20.21,838.0999505195448,33820,0,7920,15900,7242,homedepot_cargo_van,2,C_donate_recycle E_dump_run F_special_items
5x10,MEDIUM disposal / rental vehicle,0,75000,37567,37567,-3878,-31508,-72953,1.4410049865746068,27.63,1359.6453130655086,33820,0,7920,15900,10863,homedepot_cargo_van,2,C_donate_recycle E_dump_run F_special_items
5x10,MEDIUM disposal / rental vehicle,0,100000,58196,58196,5996,-28804,-81004,2.1698732289336315,34.8,1672.2988505747128,33820,0,7920,15900,14484,homedepot_cargo_van,2,C_donate_recycle E_dump_run F_special_items
5x10,MEDIUM disposal / rental vehicle,0,150000,99454,99454,25384,-23996,-98066,3.5117937853107346,49.38,2014.054272985014,33820,0,7920,15900,21726,homedepot_cargo_van,2,C_donate_recycle E_dump_run F_special_items
5x10,MEDIUM disposal / rental vehicle,0,200000,140712,140712,44772,-19188,-115128,4.718712273641851,63.96,2200.0,33820,0,7920,15900,28968,homedepot_cargo_van,2,C_donate_recycle E_dump_run F_special_items
5x10,MEDIUM disposal / rental vehicle,0,300000,223228,223228,83533,-9597,-149292,6.801584399756246,93.13,2396.950499302051,33820,0,7920,15900,43452,homedepot_cargo_van,2,C_donate_recycle E_dump_run F_special_items
5x10,MEDIUM disposal / rental vehicle,5000,25000,-9691,-9691,-29266,-42316,-61891,-0.31701014066077854,13.05,-742.6053639846743,39820,6000,7920,15900,3621,homedepot_cargo_van,2,C_donate_recycle E_dump_run F_special_items
5x10,MEDIUM disposal / rental vehicle,5000,50000,10938,10938,-19377,-39587,-69902,0.34923371647509577,20.21,541.2172191984166,39820,6000,7920,15900,7242,homedepot_cargo_van,2,C_donate_recycle E_dump_run F_special_items
5x10,MEDIUM disposal / rental vehicle,5000,75000,31567,31567,-9878,-37508,-78953,0.9843155597131276,27.63,1142.4900470503076,39820,6000,7920,15900,10863,homedepot_cargo_van,2,C_donate_recycle E_dump_run F_special_items
5x10,MEDIUM disposal / rental vehicle,5000,100000,52196,52196,-4,-34804,-87004,1.5903717245581963,34.8,1499.8850574712644,39820,6000,7920,15900,14484,homedepot_cargo_van,2,C_donate_recycle E_dump_run F_special_items
5x10,MEDIUM disposal / rental vehicle,5000,150000,93454,93454,19384,-29996,-104066,2.7230186480186482,49.38,1892.5475901174564,39820,6000,7920,15900,21726,homedepot_cargo_van,2,C_donate_recycle E_dump_run F_special_items
5x10,MEDIUM disposal / rental vehicle,5000,200000,134712,134712,38772,-25188,-121128,3.7608040201005024,63.96,2106.1913696060037,39820,6000,7920,15900,28968,homedepot_cargo_van,2,C_donate_recycle E_dump_run F_special_items
5x10,MEDIUM disposal / rental vehicle,5000,300000,217228,217228,77533,-15597,-155292,5.595775373518805,93.13,2332.524428218619,39820,6000,7920,15900,43452,homedepot_cargo_van,2,C_donate_recycle E_dump_run F_special_items
5x10,MEDIUM disposal / rental vehicle,10000,25000,-15491,-15491,-35066,-48116,-67691,-0.42592796260654386,13.05,-1187.0498084291187,45620,11800,7920,15900,3621,homedepot_cargo_van,2,C_donate_recycle E_dump_run F_special_items
5x10,MEDIUM disposal / rental vehicle,10000,50000,5138,5138,-25177,-45387,-75702,0.13841594827586207,20.21,254.23057892132607,45620,11800,7920,15900,7242,homedepot_cargo_van,2,C_donate_recycle E_dump_run F_special_items
5x10,MEDIUM disposal / rental vehicle,10000,75000,25767,25767,-15678,-43308,-84753,0.6804066543438078,27.63,932.5732899022802,45620,11800,7920,15900,10863,homedepot_cargo_van,2,C_donate_recycle E_dump_run F_special_items
5x10,MEDIUM disposal / rental vehicle,10000,100000,46396,46396,-5804,-40604,-92804,1.2013464526152253,34.8,1333.218390804598,45620,11800,7920,15900,14484,homedepot_cargo_van,2,C_donate_recycle E_dump_run F_special_items
5x10,MEDIUM disposal / rental vehicle,10000,150000,87654,87654,13584,-35796,-109866,2.1847956131605186,49.38,1775.0911300121506,45620,11800,7920,15900,21726,homedepot_cargo_van,2,C_donate_recycle E_dump_run F_special_items
5x10,MEDIUM disposal / rental vehicle,10000,200000,128912,128912,32972,-30988,-126928,3.097357039884671,63.96,2015.509693558474,45620,11800,7920,15900,28968,homedepot_cargo_van,2,C_donate_recycle E_dump_run F_special_items
5x10,MEDIUM disposal / rental vehicle,10000,300000,211428,211428,71733,-21397,-161092,4.738413267593008,93.13,2270.2458928379688,45620,11800,7920,15900,43452,homedepot_cargo_van,2,C_donate_recycle E_dump_run F_special_items
5x10,MEDIUM disposal / rental vehicle,15000,25000,-21391,-21391,-40966,-54016,-73591,-0.5060563047078306,13.05,-1639.1570881226053,51520,17700,7920,15900,3621,homedepot_cargo_van,2,C_donate_recycle E_dump_run F_special_items
5x10,MEDIUM disposal / rental vehicle,15000,50000,-762,-762,-31077,-51287,-81602,-0.017712691771269176,20.21,-37.704106877783275,51520,17700,7920,15900,7242,homedepot_cargo_van,2,C_donate_recycle E_dump_run F_special_items
5x10,MEDIUM disposal / rental vehicle,15000,75000,19867,19867,-21578,-49208,-90653,0.4538953621201736,27.63,719.037278320666,51520,17700,7920,15900,10863,homedepot_cargo_van,2,C_donate_recycle E_dump_run F_special_items
5x10,MEDIUM disposal / rental vehicle,15000,100000,40496,40496,-11704,-46504,-98704,0.9096136567834681,34.8,1163.6781609195402,51520,17700,7920,15900,14484,homedepot_cargo_van,2,C_donate_recycle E_dump_run F_special_items
5x10,MEDIUM disposal / rental vehicle,15000,150000,81754,81754,7684,-41696,-115766,1.7764884832681442,49.38,1655.6095585257187,51520,17700,7920,15900,21726,homedepot_cargo_van,2,C_donate_recycle E_dump_run F_special_items
5x10,MEDIUM disposal / rental vehicle,15000,200000,123012,123012,27072,-36888,-132828,2.588636363636364,63.96,1923.264540337711,51520,17700,7920,15900,28968,homedepot_cargo_van,2,C_donate_recycle E_dump_run F_special_items
5x10,MEDIUM disposal / rental vehicle,15000,300000,205528,205528,65833,-27297,-166992,4.068250197941409,93.13,2206.8935896059274,51520,17700,7920,15900,43452,homedepot_cargo_van,2,C_donate_recycle E_dump_run F_special_items
5x10,MEDIUM disposal / rental vehicle,20000,25000,-27291,-27291,-46866,-59916,-79491,-0.5665559476852813,13.05,-2091.2643678160916,57420,23600,7920,15900,3621,homedepot_cargo_van,2,C_donate_recycle E_dump_run F_special_items
5x10,MEDIUM disposal / rental vehicle,20000,50000,-6662,-6662,-36977,-57187,-87502,-0.13618152085036794,20.21,-329.6387926768926,57420,23600,7920,15900,7242,homedepot_cargo_van,2,C_donate_recycle E_dump_run F_special_items
5x10,MEDIUM disposal / rental vehicle,20000,75000,13967,13967,-27478,-55108,-96553,0.28119589289309443,27.63,505.5012667390518,57420,23600,7920,15900,10863,homedepot_cargo_van,2,C_donate_recycle E_dump_run F_special_items
5x10,MEDIUM disposal / rental vehicle,20000,100000,34596,34596,-17604,-52404,-104604,0.686156287187624,34.8,994.1379310344828,57420,23600,7920,15900,14484,homedepot_cargo_van,2,C_donate_recycle E_dump_run F_special_items
5x10,MEDIUM disposal / rental vehicle,20000,150000,75854,75854,1784,-47596,-121666,1.4609784283513096,49.38,1536.127987039287,57420,23600,7920,15900,21726,homedepot_cargo_van,2,C_donate_recycle E_dump_run F_special_items
5x10,MEDIUM disposal / rental vehicle,20000,200000,117112,117112,21172,-42788,-138728,2.1922875327592664,63.96,1831.019387116948,57420,23600,7920,15900,28968,homedepot_cargo_van,2,C_donate_recycle E_dump_run F_special_items
5x10,MEDIUM disposal / rental vehicle,20000,300000,199628,199628,59933,-33197,-172892,3.5382488479262673,93.13,2143.541286373886,57420,23600,7920,15900,43452,homedepot_cargo_van,2,C_donate_recycle E_dump_run F_special_items
5x10,MEDIUM disposal / rental vehicle,30000,25000,-39091,-39091,-58666,-71716,-91291,-0.651842587960647,13.05,-2995.478927203065,69220,35400,7920,15900,3621,homedepot_cargo_van,2,C_donate_recycle E_dump_run F_special_items
5x10,MEDIUM disposal / rental vehicle,30000,50000,-18462,-18462,-48777,-68987,-99302,-0.3040513833992095,20.21,-913.5081642751113,69220,35400,7920,15900,7242,homedepot_cargo_van,2,C_donate_recycle E_dump_run F_special_items
5x10,MEDIUM disposal / rental vehicle,30000,75000,2167,2167,-39278,-66908,-108353,0.035252968927932324,27.63,78.42924357582338,69220,35400,7920,15900,10863,homedepot_cargo_van,2,C_donate_recycle E_dump_run F_special_items
5x10,MEDIUM disposal / rental vehicle,30000,100000,22796,22796,-29404,-64204,-116404,0.3663773706203793,34.8,655.0574712643679,69220,35400,7920,15900,14484,homedepot_cargo_van,2,C_donate_recycle E_dump_run F_special_items
5x10,MEDIUM disposal / rental vehicle,30000,150000,64054,64054,-10016,-59396,-133466,1.0052416823603265,49.38,1297.1648440664235,69220,35400,7920,15900,21726,homedepot_cargo_van,2,C_donate_recycle E_dump_run F_special_items
5x10,MEDIUM disposal / rental vehicle,30000,200000,105312,105312,9372,-54588,-150528,1.614719411223551,63.96,1646.5290806754222,69220,35400,7920,15900,28968,homedepot_cargo_van,2,C_donate_recycle E_dump_run F_special_items
5x10,MEDIUM disposal / rental vehicle,30000,300000,187828,187828,48133,-44997,-184692,2.7532688361184405,93.13,2016.8366799098037,69220,35400,7920,15900,43452,homedepot_cargo_van,2,C_donate_recycle E_dump_run F_special_items
5x10,MEDIUM disposal / rental vehicle,50000,25000,-62691,-62691,-82266,-95316,-114891,-0.7501615412229269,13.05,-4803.908045977011,92820,59000,7920,15900,3621,homedepot_cargo_van,2,C_donate_recycle E_dump_run F_special_items
5x10,MEDIUM disposal / rental vehicle,50000,50000,-42062,-42062,-72377,-92587,-122902,-0.49883776091081594,20.21,-2081.2469074715486,92820,59000,7920,15900,7242,homedepot_cargo_van,2,C_donate_recycle E_dump_run F_special_items
5x10,MEDIUM disposal / rental vehicle,50000,75000,-21433,-21433,-62878,-90508,-131953,-0.2519454566827319,27.63,-775.7148027506335,92820,59000,7920,15900,10863,homedepot_cargo_van,2,C_donate_recycle E_dump_run F_special_items
5x10,MEDIUM disposal / rental vehicle,50000,100000,-804,-804,-53004,-87804,-140004,-0.009368445583780005,34.8,-23.10344827586207,92820,59000,7920,15900,14484,homedepot_cargo_van,2,C_donate_recycle E_dump_run F_special_items
5x10,MEDIUM disposal / rental vehicle,50000,150000,40454,40454,-33616,-82996,-157066,0.46328447091158953,49.38,819.2385581206966,92820,59000,7920,15900,21726,homedepot_cargo_van,2,C_donate_recycle E_dump_run F_special_items
5x10,MEDIUM disposal / rental vehicle,50000,200000,81712,81712,-14228,-78188,-174128,0.9199729790587705,63.96,1277.5484677923703,92820,59000,7920,15900,28968,homedepot_cargo_van,2,C_donate_recycle E_dump_run F_special_items
5x10,MEDIUM disposal / rental vehicle,50000,300000,164228,164228,24533,-68597,-208292,1.788586364626443,93.13,1763.4274669816386,92820,59000,7920,15900,43452,homedepot_cargo_van,2,C_donate_recycle E_dump_run F_special_items
5x10,HIGH disposal / rental vehicle,0,25000,-20806,-20806,-41881,-55931,-77006,-0.499124385270481,14.05,-1480.8540925266902,50935,0,7920,33015,3621,homedepot_cargo_van,2,C_donate_recycle E_dump_run F_special_items
5x10,HIGH disposal / rental vehicle,0,50000,-177,-177,-31992,-53202,-85017,-0.004171085189112761,21.21,-8.345120226308344,50935,0,7920,33015,7242,homedepot_cargo_van,2,C_donate_recycle E_dump_run F_special_items
5x10,HIGH disposal / rental vehicle,0,75000,20452,20452,-22493,-51123,-94068,0.4735903670255876,28.63,714.3555710792875,50935,0,7920,33015,10863,homedepot_cargo_van,2,C_donate_recycle E_dump_run F_special_items
5x10,HIGH disposal / rental vehicle,0,100000,41081,41081,-12619,-48419,-102119,0.9350404005917833,35.8,1147.513966480447,50935,0,7920,33015,14484,homedepot_cargo_van,2,C_donate_recycle E_dump_run F_special_items
5x10,HIGH disposal / rental vehicle,0,150000,82339,82339,6769,-43611,-119181,1.8122372620226697,50.38,1634.3588725684795,50935,0,7920,33015,21726,homedepot_cargo_van,2,C_donate_recycle E_dump_run F_special_items
5x10,HIGH disposal / rental vehicle,0,200000,123597,123597,26157,-38803,-136243,2.633365292425695,64.96,1902.6631773399017,50935,0,7920,33015,28968,homedepot_cargo_van,2,C_donate_recycle E_dump_run F_special_items
5x10,HIGH disposal / rental vehicle,0,300000,206113,206113,64918,-29212,-170407,4.127625913687794,94.13,2189.6632317008393,50935,0,7920,33015,43452,homedepot_cargo_van,2,C_donate_recycle E_dump_run F_special_items
5x10,HIGH disposal / rental vehicle,5000,25000,-26806,-26806,-47881,-61931,-83006,-0.5621474258152459,14.05,-1907.900355871886,56935,6000,7920,33015,3621,homedepot_cargo_van,2,C_donate_recycle E_dump_run F_special_items
5x10,HIGH disposal / rental vehicle,5000,50000,-6177,-6177,-37992,-59202,-91017,-0.12753174357386188,21.21,-291.2305516265912,56935,6000,7920,33015,7242,homedepot_cargo_van,2,C_donate_recycle E_dump_run F_special_items
5x10,HIGH disposal / rental vehicle,5000,75000,14452,14452,-28493,-57123,-100068,0.2938294195384772,28.63,504.7851903597625,56935,6000,7920,33015,10863,homedepot_cargo_van,2,C_donate_recycle E_dump_run F_special_items
5x10,HIGH disposal / rental vehicle,5000,100000,35081,35081,-18619,-54419,-108119,0.7025332932812657,35.8,979.9162011173186,56935,6000,7920,33015,14484,homedepot_cargo_van,2,C_donate_recycle E_dump_run F_special_items
5x10,HIGH disposal / rental vehicle,5000,150000,76339,76339,769,-49611,-125181,1.4841839214542627,50.38,1515.263993648273,56935,6000,7920,33015,21726,homedepot_cargo_van,2,C_donate_recycle E_dump_run F_special_items
5x10,HIGH disposal / rental vehicle,5000,200000,117597,117597,20157,-44803,-142243,2.2215358458486825,64.96,1810.2986453201972,56935,6000,7920,33015,28968,homedepot_cargo_van,2,C_donate_recycle E_dump_run F_special_items
5x10,HIGH disposal / rental vehicle,5000,300000,200113,200113,58918,-35212,-176407,3.577598998837937,94.13,2125.92159779029,56935,6000,7920,33015,43452,homedepot_cargo_van,2,C_donate_recycle E_dump_run F_special_items
5x10,HIGH disposal / rental vehicle,10000,25000,-32606,-32606,-53681,-67731,-88806,-0.6096288679068897,14.05,-2320.711743772242,62735,11800,7920,33015,3621,homedepot_cargo_van,2,C_donate_recycle E_dump_run F_special_items
5x10,HIGH disposal / rental vehicle,10000,50000,-11977,-11977,-43792,-65002,-96817,-0.2208352539872776,21.21,-564.6864686468647,62735,11800,7920,33015,7242,homedepot_cargo_van,2,C_donate_recycle E_dump_run F_special_items
5x10,HIGH disposal / rental vehicle,10000,75000,8652,8652,-34293,-62923,-105868,0.1573520050922979,28.63,302.200488997555,62735,11800,7920,33015,10863,homedepot_cargo_van,2,C_donate_recycle E_dump_run F_special_items
5x10,HIGH disposal / rental vehicle,10000,100000,29281,29281,-24419,-60219,-113919,0.5253610836996502,35.8,817.9050279329609,62735,11800,7920,33015,14484,homedepot_cargo_van,2,C_donate_recycle E_dump_run F_special_items
5x10,HIGH disposal / rental vehicle,10000,150000,70539,70539,-5031,-55411,-130981,1.2324451821437932,50.38,1400.1389440254068,62735,11800,7920,33015,21726,homedepot_cargo_van,2,C_donate_recycle E_dump_run F_special_items
5x10,HIGH disposal / rental vehicle,10000,200000,111797,111797,14357,-50603,-148043,1.9034136375244743,64.96,1721.012931034483,62735,11800,7920,33015,28968,homedepot_cargo_van,2,C_donate_recycle E_dump_run F_special_items
5x10,HIGH disposal / rental vehicle,10000,300000,194313,194313,53118,-41012,-182207,3.1475338138819144,94.13,2064.3046850100927,62735,11800,7920,33015,43452,homedepot_cargo_van,2,C_donate_recycle E_dump_run F_special_items
5x10,HIGH disposal / rental vehicle,15000,25000,-38506,-38506,-59581,-73631,-94706,-0.6484128988801886,14.05,-2740.640569395018,68635,17700,7920,33015,3621,homedepot_cargo_van,2,C_donate_recycle E_dump_run F_special_items
5x10,HIGH disposal / rental vehicle,15000,50000,-17877,-17877,-49692,-70902,-102717,-0.2972811174856573,21.21,-842.8571428571428,68635,17700,7920,33015,7242,homedepot_cargo_van,2,C_donate_recycle E_dump_run F_special_items
5x10,HIGH disposal / rental vehicle,15000,75000,2752,2752,-40193,-68823,-111768,0.04519996715118666,28.63,96.12294795668879,68635,17700,7920,33015,10863,homedepot_cargo_van,2,C_donate_recycle E_dump_run F_special_items
5x10,HIGH disposal / rental vehicle,15000,100000,23381,23381,-30319,-66119,-119819,0.3793461507260485,35.8,653.1005586592179,68635,17700,7920,33015,14484,homedepot_cargo_van,2,C_donate_recycle E_dump_run F_special_items
5x10,HIGH disposal / rental vehicle,15000,150000,64639,64639,-10931,-61311,-136881,1.0238219687970223,50.38,1283.0289797538705,68635,17700,7920,33015,21726,homedepot_cargo_van,2,C_donate_recycle E_dump_run F_special_items
5x10,HIGH disposal / rental vehicle,15000,200000,105897,105897,8457,-56503,-153943,1.6383847760501276,64.96,1630.1878078817736,68635,17700,7920,33015,28968,homedepot_cargo_van,2,C_donate_recycle E_dump_run F_special_items
5x10,HIGH disposal / rental vehicle,15000,300000,188413,188413,47218,-46912,-188107,2.7857322392252533,94.13,2001.6254116647192,68635,17700,7920,33015,43452,homedepot_cargo_van,2,C_donate_recycle E_dump_run F_special_items
5x10,HIGH disposal / rental vehicle,20000,25000,-44406,-44406,-65481,-79531,-100606,-0.6801868729417171,14.05,-3160.5693950177933,74535,23600,7920,33015,3621,homedepot_cargo_van,2,C_donate_recycle E_dump_run F_special_items
5x10,HIGH disposal / rental vehicle,20000,50000,-23777,-23777,-55592,-76802,-108617,-0.36006663133186945,21.21,-1121.027817067421,74535,23600,7920,33015,7242,homedepot_cargo_van,2,C_donate_recycle E_dump_run F_special_items
5x10,HIGH disposal / rental vehicle,20000,75000,-3148,-3148,-46093,-74723,-117668,-0.04713633300890919,28.63,-109.95459308417745,74535,23600,7920,33015,10863,homedepot_cargo_van,2,C_donate_recycle E_dump_run F_special_items
5x10,HIGH disposal / rental vehicle,20000,100000,17481,17481,-36219,-72019,-125719,0.25884356259717184,35.8,488.2960893854749,74535,23600,7920,33015,14484,homedepot_cargo_van,2,C_donate_recycle E_dump_run F_special_items
5x10,HIGH disposal / rental vehicle,20000,150000,58739,58739,-16831,-67211,-142781,0.850858260302745,50.38,1165.919015482334,74535,23600,7920,33015,21726,homedepot_cargo_van,2,C_donate_recycle E_dump_run F_special_items
5x10,HIGH disposal / rental vehicle,20000,200000,99997,99997,2557,-62403,-159843,1.4176933437300632,64.96,1539.362684729064,74535,23600,7920,33015,28968,homedepot_cargo_van,2,C_donate_recycle E_dump_run F_special_items
5x10,HIGH disposal / rental vehicle,20000,300000,182513,182513,41318,-52812,-194007,2.481988168899164,94.13,1938.9461383193457,74535,23600,7920,33015,43452,homedepot_cargo_van,2,C_donate_recycle E_dump_run F_special_items
5x10,HIGH disposal / rental vehicle,30000,25000,-56206,-56206,-77281,-91331,-112406,-0.7291431536615425,14.05,-4000.427046263345,86335,35400,7920,33015,3621,homedepot_cargo_van,2,C_donate_recycle E_dump_run F_special_items
5x10,HIGH disposal / rental vehicle,30000,50000,-35577,-35577,-67392,-88602,-120417,-0.45708228945846985,21.21,-1677.3691654879774,86335,35400,7920,33015,7242,homedepot_cargo_van,2,C_donate_recycle E_dump_run F_special_items
5x10,HIGH disposal / rental vehicle,30000,75000,-14948,-14948,-57893,-86523,-129468,-0.19021441750970286,28.63,-522.10967516591,86335,35400,7920,33015,10863,homedepot_cargo_van,2,C_donate_recycle E_dump_run F_special_items
5x10,HIGH disposal / rental vehicle,30000,100000,5681,5681,-48019,-83819,-137519,0.07160773933320728,35.8,158.68715083798884,86335,35400,7920,33015,14484,homedepot_cargo_van,2,C_donate_recycle E_dump_run F_special_items
5x10,HIGH disposal / rental vehicle,30000,150000,46939,46939,-28631,-79011,-154581,0.580676687078617,50.38,931.6990869392615,86335,35400,7920,33015,21726,homedepot_cargo_van,2,C_donate_recycle E_dump_run F_special_items
5x10,HIGH disposal / rental vehicle,30000,200000,88197,88197,-9243,-74203,-171643,1.071196939333212,64.96,1357.7124384236454,86335,35400,7920,33015,28968,homedepot_cargo_van,2,C_donate_recycle E_dump_run F_special_items
5x10,HIGH disposal / rental vehicle,30000,300000,170713,170713,29518,-64612,-205807,2.000503896408273,94.13,1813.5875916285988,86335,35400,7920,33015,43452,homedepot_cargo_van,2,C_donate_recycle E_dump_run F_special_items
5x10,HIGH disposal / rental vehicle,50000,25000,-79806,-79806,-100881,-114931,-136006,-0.7926304812037542,14.05,-5680.142348754448,109935,59000,7920,33015,3621,homedepot_cargo_van,2,C_donate_recycle E_dump_run F_special_items
5x10,HIGH disposal / rental vehicle,50000,50000,-59177,-59177,-90992,-112202,-144017,-0.5833982353231133,21.21,-2790.05186232909,109935,59000,7920,33015,7242,homedepot_cargo_van,2,C_donate_recycle E_dump_run F_special_items
5x10,HIGH disposal / rental vehicle,50000,75000,-38548,-38548,-81493,-110123,-153068,-0.3772373636052258,28.63,-1346.4198393293748,109935,59000,7920,33015,10863,homedepot_cargo_van,2,C_donate_recycle E_dump_run F_special_items
5x10,HIGH disposal / rental vehicle,50000,100000,-17919,-17919,-71619,-107419,-161119,-0.1740807305581192,35.8,-500.53072625698326,109935,59000,7920,33015,14484,homedepot_cargo_van,2,C_donate_recycle E_dump_run F_special_items
5x10,HIGH disposal / rental vehicle,50000,150000,23339,23339,-52231,-102611,-178181,0.22347871882031886,50.38,463.25922985311627,109935,59000,7920,33015,21726,homedepot_cargo_van,2,C_donate_recycle E_dump_run F_special_items
5x10,HIGH disposal / rental vehicle,50000,200000,64597,64597,-32843,-97803,-195243,0.60977958181904,64.96,994.411945812808,109935,59000,7920,33015,28968,homedepot_cargo_van,2,C_donate_recycle E_dump_run F_special_items
5x10,HIGH disposal / rental vehicle,50000,300000,147113,147113,5918,-88212,-229407,1.3504658741451325,94.13,1562.8704982471052,109935,59000,7920,33015,43452,homedepot_cargo_van,2,C_donate_recycle E_dump_run F_special_items
